Timestamp,Gesture_Label,Flex1,Flex2,Flex3,Flex4,Flex5,AccX,AccY,AccZ,GyroX,GyroY,GyroZ,Temp
1750954721,Hello,3521,3329,4095,3300,4095,16980,1420,260,-554,14,166,36.72
1750954723,Hello,3495,3329,4095,3286,4095,12452,-13256,4636,3067,-3352,-9106,36.58
1750954725,Hello,3459,3329,4095,3290,4095,14756,1656,-932,-13428,9549,19763,36.62
1750954727,Hello,3493,3343,4095,3318,4095,12692,-13804,2904,2296,-3222,-11135,36.58
1750954729,Hello,3566,3348,4095,3316,4095,14268,12720,-1380,843,-650,-6823,36.58
1750954731,Hello,3535,3341,4095,3310,4095,14824,532,-728,-6020,3047,16000,36.62
1750954733,Hello,3503,3340,4095,3308,4095,14156,-10884,2820,2484,-4354,-10003,36.53
1750954735,Hello,3559,3331,4095,3299,4095,14080,14564,-300,395,-1173,-3148,36.48
1750954737,Hello,3551,3342,4095,3327,4095,12856,-17712,4156,423,92,-1462,36.53
1750954739,Hello,3583,3342,4095,3310,4095,11452,18708,-5276,208,-763,-1519,36.53
1750954741,Hello,3556,3340,4095,3329,4095,15124,-6108,1752,-4200,2246,10716,36.44
1750954743,Hello,3552,3344,4095,3312,4095,12432,-3032,-304,3147,-5255,-22324,36.44
1750954745,Hello,3567,3326,4095,3326,4095,13228,-6620,412,-7698,4448,19027,36.39
1750954747,Hello,3627,3312,4095,3291,4095,12736,9476,-1692,8474,-3904,-22024,36.44
1750954749,Hello,3559,3312,4095,3296,4095,11968,7820,-588,-15491,8058,26697,36.39
1750954751,Hello,3615,3328,4095,3314,4095,9480,16576,-7556,5771,-4597,-14603,36.25
1750954804,Hello,3522,3343,4095,3339,4095,13516,-7124,3316,1087,5234,8076,36.29
1750954806,Hello,3541,3297,4095,3277,4095,14112,11832,-2540,2268,1651,4651,36.25
1750954808,Hello,3533,3301,4095,3264,4095,13488,11400,-2320,4288,-3221,-17537,36.25
1750954810,Hello,3490,3311,4095,3290,4095,14864,-10988,1812,-3093,-2478,-5444,36.2
1750954812,Hello,3502,3299,4095,3291,4095,13728,-4436,1492,-12429,2712,24668,36.25
1750954814,Hello,3494,3294,4095,3264,4095,12264,17724,-5500,-9050,4154,16475,36.25
1750954816,Hello,3611,3333,4095,3390,4095,14368,-9084,1276,-9330,303,15628,36.15
1750954818,Hello,3603,3282,4095,3313,4095,14244,548,1076,-17306,4598,24990,36.11
1750954821,Hello,3558,3279,4095,3265,4095,13236,14356,-6616,10766,-1371,-9073,36.25
1750954823,Hello,3572,3284,4095,3327,4095,14884,-12564,-984,-2262,-131,3920,36.11
1750954825,Hello,3602,3317,4095,3300,4095,14340,11848,-6168,-5014,899,2307,36.15
1750954827,Hello,3566,3303,4095,3502,4095,13328,-12328,1728,-2529,1490,3908,36.15
1750955220,Hello,3525,3299,4095,3280,4095,17612,2748,-1112,-1976,-3011,-6630,36.15
1750955222,Hello,3641,3294,4095,3303,4095,14848,11600,-5900,763,1529,1329,36.11
1750955224,Hello,3583,3280,4095,3283,4095,14900,-5288,248,-2520,7662,20334,36.06
1750955226,Hello,3539,3279,4095,3300,4095,14348,-276,3476,18751,-20354,-17814,36.06
1750955228,Hello,3600,3271,4095,3247,4095,13420,1852,-7336,-32768,-5981,30550,36.06
1750955230,Hello,3568,3258,4095,3247,4095,14184,9680,-8892,703,-5103,-12053,36.01
1750955232,Hello,3539,3248,4095,3274,4095,14904,-8920,-1884,-2702,3498,16286,36.06
1750955234,Hello,3583,3245,4095,3264,4095,14380,1956,-4220,19742,-8696,-32768,35.87
1750955236,Hello,3572,3248,4095,3275,4095,14992,5048,-6760,-5420,7172,18354,36.01
1750955238,Hello,3471,3243,4095,2993,4095,14996,1372,-232,12468,-14463,-32768,35.97
1750955240,Hello,3446,3245,4095,3184,4095,13652,1220,-3420,-9745,17460,23730,36.01
1750955242,Hello,3482,3260,4095,3270,4095,14648,9664,-9836,-10265,11048,9170,36.06
1750955244,Hello,3519,3223,4095,2772,4095,11852,13744,-12964,11408,-9382,-11687,36.06
1750955246,Hello,3504,3250,4095,3051,4095,12228,-14416,-872,-7268,9574,20775,35.97
1750955248,Hello,3632,3246,4095,3245,4095,12740,10740,-5884,-10357,17028,28607,35.97
1750955250,Hello,3583,3226,4095,3223,4095,11792,16816,-8284,11556,-6042,-13390,35.97
1750955252,Hello,3472,3238,4095,3290,4095,14024,-9128,788,7088,-13068,-24840,36.01
1750955254,Hello,3513,3229,4095,3280,4095,14104,-4304,-1336,-11814,10531,25539,35.92
1750955256,Hello,3578,3228,4095,3232,4095,11908,17464,-10732,971,1889,4614,35.87
1750955258,Hello,3603,3247,4095,3234,4095,15912,3988,-3104,9777,-11679,-22541,35.92
1750955260,Hello,3536,3245,4095,3239,4095,15140,-2600,-2268,9296,-8807,-28606,35.92
1750955365,I Love You,3631,3295,3049,3318,4095,16636,-2828,1104,-256,-2287,-818,36.2
1750955367,I Love You,3625,3219,4095,3931,4095,16600,-5000,4,-1759,-1479,-88,36.25
1750955369,I Love You,3617,3187,4095,3904,4095,16052,-4524,-356,-238,475,-728,36.29
1750955371,I Love You,3615,3173,4095,3894,4095,16244,-4480,-4,-459,-39,-62,36.25
1750955373,I Love You,3630,3178,4095,3869,4095,16612,-4544,776,-195,-149,-235,36.25
1750955375,I Love You,3616,3163,4095,3885,4095,16224,-4484,1032,-67,234,-258,36.2
1750955377,I Love You,3625,3163,4095,3873,4095,16584,-4232,448,-593,143,-283,36.15
1750955379,I Love You,3626,3159,4095,3869,4095,16496,-4152,616,-673,82,-238,36.15
1750955381,I Love You,3623,3163,4095,3858,4095,16096,-4008,888,-724,32,-310,36.2
1750955383,I Love You,3627,3159,4095,3857,4095,16464,-4108,1172,-341,-225,-179,36.01
1750955385,I Love You,3632,3163,4095,3840,4095,16276,-3364,1200,-847,190,-271,36.11
1750955387,I Love You,3630,3153,4095,3844,4095,16276,-3404,1300,-679,181,-212,36.2
1750955389,I Love You,3630,3154,4095,3845,4095,16480,-3328,1556,-423,-254,-108,36.11
1750955391,I Love You,3632,3157,4095,3854,4095,16608,-3872,1540,-426,-34,-158,36.15
1750955393,I Love You,3632,3156,4095,3830,4095,16232,-3240,1700,-694,93,-264,36.11
1750955395,I Love You,3636,3154,4095,3824,4095,16396,-3576,1724,-393,-315,-217,36.01
1750955397,I Love You,3631,3153,4095,3837,4095,16484,-3656,1852,-632,162,-266,36.06
1750955399,I Love You,3632,3155,4095,3827,4095,16324,-3648,1564,-552,-42,-225,36.15
1750955401,I Love You,3613,3153,4095,3853,4095,16296,-3536,1708,-577,7,-280,36.15
1750955403,I Love You,3625,3152,4095,3839,4095,16236,-3416,1436,-239,144,13,36.06
1750955405,I Love You,3627,3150,4095,3846,4095,16388,-3460,1628,-148,51,-57,36.2
1750955407,I Love You,3634,3157,4095,3835,4095,16456,-3704,1352,-751,280,-365,36.01
1750955409,I Love You,3644,3158,4095,3836,4095,16220,-3668,1604,-631,22,-238,36.11
1750955411,I Love You,3630,3152,4095,3833,4095,16308,-3720,1256,-423,-41,-179,36.01
1750955413,I Love You,3635,3156,4095,3842,4095,16404,-3612,1256,-501,-288,-115,36.06
1750955415,I Love You,3609,2997,3676,3849,4095,16120,-3276,2020,-691,-218,-389,36.01
1750955417,I Love You,3618,3087,4095,3376,4095,16632,-3316,-832,-41,-1578,275,35.97
1750955470,I Love You,3609,3303,3233,3478,4095,16140,-5484,-1984,-877,-440,152,35.82
1750955472,I Love You,3570,3198,3728,3921,4095,15748,-5408,-912,-1548,2624,-1522,35.87
1750955474,I Love You,3575,3056,3627,3803,4095,15216,-5328,1640,-1605,1211,-1704,35.92
1750955476,I Love You,3582,3055,3613,3789,4095,15216,-4620,1516,374,-85,-1347,35.82
1750955478,I Love You,3600,3209,3454,3677,4095,15656,-3052,2296,803,-1361,-444,35.87
1750955480,I Love You,3609,3247,3248,3493,4095,16684,-3176,2332,-3909,-1466,-444,35.87
1750955482,I Love You,3605,3258,3702,3835,4095,15920,-3080,3248,1091,1193,-368,35.82
1750955484,I Love You,3619,3234,3712,3874,4095,15600,-3764,880,2747,617,-585,35.87
1750955486,I Love You,3613,3120,3708,3838,4095,16624,-4124,1572,41,494,-189,35.78
1750955488,I Love You,3607,3217,4095,3838,4095,16612,-3392,2280,-787,77,-159,35.87
1750955490,I Love You,3600,3194,4095,3855,4095,16340,-4132,1048,656,1595,-173,35.78
1750955492,I Love You,3625,3193,3714,3872,4095,16412,-4196,2000,541,520,-215,35.78
1750955494,I Love You,3621,3177,3728,3841,4095,16128,-3452,1696,-431,-392,287,35.82
1750955496,I Love You,3628,3153,3735,3854,4095,15272,-3432,2108,160,-1179,467,35.73
1750955498,I Love You,3507,2863,4095,3919,4095,16764,-556,1932,983,-2005,-1967,35.78
1750955500,I Love You,3454,2886,4095,3904,4095,16532,-256,2544,1083,449,302,35.73
1750955502,I Love You,3490,3159,4095,3920,4095,16372,-2216,1884,-591,-250,-155,35.73
1750955504,I Love You,3505,3151,4095,3865,4095,16412,-1928,1520,-46,-241,-643,35.82
1750955506,I Love You,3495,3009,4095,3463,4095,16420,-832,3116,738,534,-1007,35.82
1750955508,I Love You,3493,3083,4095,3914,4095,16440,-2024,2496,-788,-697,91,35.73
1750955510,I Love You,3490,3167,3533,3706,4095,15924,-468,2824,-2092,-717,1955,35.73
1750955512,I Love You,3465,3170,3735,3842,4095,17088,-376,4224,-217,-327,-144,35.68
1750955514,I Love You,3479,3172,4095,3535,4095,16792,44,1872,-1580,-1537,-1561,35.78
1750955844,Yes,3709,3911,4095,3774,4095,6040,3984,14420,1989,6667,574,36.06
1750955846,Yes,3691,3868,4095,3792,4095,5344,4128,15812,-2525,-18715,3393,36.2
1750955848,Yes,3709,3843,4095,3787,4095,17324,-2376,1152,-417,-27667,10029,36.11
1750955850,Yes,3738,3836,4095,3780,4095,9788,1708,12108,-4223,-23011,5003,36.15
1750955852,Yes,3755,3834,4095,3778,4095,5736,3612,13904,-932,-5629,1842,36.2
1750955854,Yes,3712,3819,4095,3773,4095,11308,2316,9276,-868,-8978,2677,36.11
1750955856,Yes,3701,3795,4095,3773,4095,11432,748,11044,-2105,-12799,2427,36.06
1750955858,Yes,3714,3815,4095,3760,4095,11840,1656,8076,-2561,-18318,1787,36.11
1750955860,Yes,3694,3781,4095,3750,4095,5836,3184,16380,-5425,-18379,6662,36.11
1750955862,Yes,3701,3768,4095,3725,4095,2348,3260,17196,-6288,-30196,8536,36.06
1750955893,Yes,3653,3869,4095,3833,4095,16420,-4552,-2804,-1216,342,-44,35.87
1750955895,Yes,3691,3856,4095,3785,4095,1872,5744,16928,-495,-6944,3887,35.78
1750955897,Yes,3658,3830,3568,3781,4095,13376,-576,884,-5000,32767,-15773,35.82
1750955899,Yes,3665,3780,4095,3794,4095,16412,-3308,2320,59,-26459,12331,35.92
1750955901,Yes,3665,3799,4095,3760,4095,-2972,6008,19740,999,9838,-4734,35.82
1750955903,Yes,3664,3771,3520,3766,4095,16516,-4264,-8076,-2133,-7494,2508,35.87
1750955905,Yes,3642,3739,4095,3734,4095,16920,-5228,-4804,-2324,-21146,5274,35.68
1750955907,Yes,3655,3755,4095,3703,4095,308,5344,17140,-1777,22753,-9695,35.78
1750955909,Yes,3708,3771,4095,3775,4095,15052,-3476,1936,-2307,-3669,1985,35.78
1750955911,Yes,3709,3858,4095,3803,4095,19060,-3000,-3228,-3918,-29914,5322,35.82
1750955913,Yes,3696,3846,4095,3802,4095,14596,-3580,-2448,-5971,-31597,5615,35.78
1750955915,Yes,3696,3851,4095,3771,4095,7644,2324,11112,260,-16161,5959,35.68
1750955917,Yes,3682,3834,4095,3791,4095,20956,-2520,-3016,-3857,25836,-10248,35.82
1750955919,Yes,3675,3818,4095,3783,4095,14952,-796,1020,-3087,-24463,7104,35.82
1750955921,Yes,3684,3813,4095,3759,4095,5964,4772,15464,-1080,-2092,4339,35.73
1750955923,Yes,3690,3810,4095,3741,4095,5528,4684,16848,-1086,48,-715,35.78
1750955925,Yes,3702,3793,4095,3760,4095,1176,5720,20608,2486,14114,-4924,35.78
1750955943,Yes,3774,3929,3652,3809,4095,15316,-3900,296,-259,14793,-5754,35.73
1750955945,Yes,3792,3903,4095,3770,4095,12056,-1348,8596,-2829,-17863,5901,35.64
1750955947,Yes,3787,3913,4095,3755,4095,4396,1168,15516,1845,5500,170,35.73
1750955949,Yes,3760,3856,4095,3734,4095,14692,-4424,-7216,-1862,-6976,1225,35.59
1750955951,Yes,3785,3856,4095,3748,4095,12996,-1468,8228,5046,9021,-2095,35.73
1750955953,Yes,3757,3841,4095,3740,4095,17716,-1576,-4572,2310,11440,-5645,35.78
1750955955,Yes,3760,3868,4095,3718,4095,2920,3736,15684,-599,-1997,816,35.82
1750955957,Yes,3731,3823,4095,3738,4095,17628,-2792,-3508,-1165,2413,-1651,35.68
1750955959,Yes,3778,3823,4095,3776,4095,5372,2924,13528,12458,32767,-8002,35.68
1750955961,Yes,3751,3824,4095,3760,4095,2044,4192,17776,-3455,-16258,3181,35.78
1750955963,Yes,3730,3802,4095,3733,4095,10208,-2092,5692,9394,32767,184,35.82
1750955965,Yes,3732,3794,4095,3712,4095,12404,704,8708,-1791,-30483,6005,35.73
1750955967,Yes,3755,3828,4095,3713,4095,536,4572,15380,-592,-693,-696,35.73
1750955969,Yes,3769,3849,4095,3712,4095,-64,3772,15104,261,1219,375,35.64
1750955971,Yes,3733,3833,4095,3695,4095,-1384,3840,16280,955,2838,1215,35.68
1750955973,Yes,3704,3792,4095,3691,4095,7888,-3292,2916,6163,32767,-9269,35.64
1750955975,Yes,3722,3788,4095,3699,4095,22748,-2048,-4812,-22,9467,-2693,35.78
1750955977,Yes,3722,3803,4095,3734,4095,15004,-1792,4428,1073,28346,-5629,35.64
1750955979,Yes,3774,3826,4095,3696,4095,-2852,5068,19956,4420,29948,-3363,35.78
1750955981,Yes,3743,3792,4095,3688,4095,4224,296,12036,4778,32767,-8695,35.68
1750955983,Yes,3729,3805,4095,3681,4095,588,2584,17692,2061,32767,-6850,35.73
1750955985,Yes,3747,3793,4095,3679,4095,-3100,4148,17836,8817,28718,1110,35.68
1750955987,Yes,3711,3763,4095,3664,4095,-2040,4188,17128,2617,8207,-1041,35.82
1750956056,No,3787,3859,3553,3893,4095,16880,-2636,-2536,-2840,-68,-1395,35.87
1750956058,No,3565,3249,3122,3843,4095,17580,-1364,-1780,280,186,184,36.06
1750956060,No,3676,3287,3116,3779,4095,18328,-1044,-1880,28,1495,141,36.06
1750956062,No,3673,3746,3456,3792,4095,16112,-2528,576,-943,408,1401,36.01
1750956064,No,3648,3312,3206,3783,4095,15984,-2232,236,-1065,167,-1167,35.92
1750956066,No,3693,3643,3331,3888,4095,16712,-3072,-1064,-264,-205,-213,35.97
1750956068,No,3693,3618,3305,3853,4095,16752,-2708,-728,-526,-95,-282,35.92
1750956070,No,3681,3605,3297,3846,4095,16732,-2112,-204,-452,80,-521,36.06
1750956072,No,3690,3605,3293,3825,4095,16868,-1940,-212,-489,89,-151,36.06
1750956074,No,3689,3583,3280,3830,4095,16640,-1972,740,-533,-167,-104,36.01
1750956076,No,3674,3600,3280,3819,4095,16552,-2208,724,-354,-65,-257,35.87
1750956078,No,3682,3583,3290,3817,4095,16608,-2516,1000,-361,60,-215,35.97
1750956080,No,3684,3597,3282,3814,4095,16580,-2332,832,-480,-129,-301,35.92
1750956082,No,3680,3581,3286,3806,4095,16460,-2464,824,-496,-42,-332,35.92
1750956084,No,3669,3583,3280,3813,4095,16696,-2348,736,-265,-25,-433,36.01
1750956086,No,3696,3573,3291,3786,4095,16364,-2616,-36,-1430,786,468,35.87
1750956088,No,3697,3664,3327,3820,4095,16436,-2684,-1748,-1174,2005,-734,35.82
1750956090,No,3696,3583,3275,3808,4095,16076,-2384,1684,309,3647,-1188,35.87
1750956092,No,3698,3654,3322,3773,4095,17328,-840,1436,-355,-1019,-457,35.82
1750956094,No,3694,3580,3295,3760,4095,17104,-2260,-2124,-328,896,5,35.92
1750956096,No,3703,3583,3341,3762,4095,16636,-1456,-32,-580,43,-611,35.82
1750956098,No,3695,3655,4095,3760,4095,17056,-1968,436,-685,186,-229,35.78
1750956100,No,3679,3731,3377,3747,4095,16596,-1620,-684,-1153,1099,-250,35.82
1750956102,No,3715,3649,3319,3745,4095,16776,-2132,28,-166,205,-346,35.82
1750956104,No,3695,3607,3319,3795,4095,16648,-1920,-576,-621,1118,-182,35.82
1750956106,No,3694,3583,3295,3771,4095,16748,-1564,444,-344,-25,-327,35.87
1750956147,No,3678,3294,3115,3745,4095,17104,-2800,-636,100,450,381,35.82
1750956149,No,3706,3647,3398,3731,4095,16916,-1736,324,-873,-305,-961,35.78
1750956151,No,3715,3709,3401,3728,4095,16672,-1776,1012,-580,299,-346,35.78
1750956153,No,3695,3282,3119,3811,4095,16952,-2436,608,492,-2952,994,35.73
1750956155,No,3667,3261,4095,3745,4095,16892,-1492,0,-663,-1090,-144,35.73
1750956157,No,3645,3251,4095,3751,4095,17292,-1600,-496,-557,-40,-308,35.64
1750956159,No,3619,3321,4095,3750,4095,17388,-1212,-1032,-451,-54,-264,35.64
1750956161,No,3637,3228,4095,3725,4095,17488,-1048,-296,-2791,-35,-698,35.59
1750956163,No,3699,3613,3280,3728,4095,17304,-164,-2424,-1669,2062,-802,35.64
1750956165,No,3632,3235,4095,3723,4095,17012,232,-1888,-830,601,-1056,35.68
1750956167,No,3670,3250,4095,3687,4095,16736,-136,-3436,-553,-15,-666,35.68
1750956169,No,3642,3216,4095,3661,4095,17588,544,1768,-1649,-1758,849,35.59
1750956171,No,3696,3694,3264,3696,4095,16948,56,-1096,-266,125,-327,35.64
1750956173,No,3690,3632,3229,3691,4095,16928,328,-472,-371,286,-243,35.59
1750956175,No,3694,3621,3212,3691,4095,16548,-756,1848,9153,903,-867,35.73
1750956177,No,3633,3166,4095,3718,4095,16872,2328,1956,-1101,-429,-1149,35.49
1750956179,No,3649,3180,4095,3761,4095,16888,1508,324,-297,-863,-363,35.59
1750956181,No,3669,3698,3281,3735,4095,17052,1412,-528,-183,-6,-196,35.54
1750956183,No,3694,3674,3270,3707,4095,16976,780,-1164,-1147,312,-195,35.45
1750956185,No,3691,3641,3243,3691,4095,17232,-472,-2916,1160,2698,-1459,35.49
1750956187,No,3669,3207,4095,3719,4095,16888,1752,-744,-990,567,-1190,35.45
1750956189,No,3633,3223,4095,3675,4095,16532,1568,-376,-4008,-4505,318,35.64
1750956191,No,3684,3782,3363,3728,4095,16696,-2704,-1704,-693,1123,-1047,35.45
1750956290,Please,3457,3282,3050,3404,4095,7508,12552,9904,-31501,-4531,2977,35.49
1750956292,Please,3417,3248,3042,3332,4095,8012,13620,-616,4784,2698,2836,35.59
1750956294,Please,3397,3249,3013,3312,4095,5908,16928,-5532,3568,2194,-58,35.49
1750956296,Please,3334,3248,3014,3406,4095,9060,12976,-924,1439,2155,-1212,35.49
1750956298,Please,3397,3205,2996,3339,4095,8408,13848,-1512,-3899,-416,-1002,35.59
1750956300,Please,3359,3236,4095,3312,4095,7852,13340,-4248,-1525,-29,42,35.4
1750956302,Please,3312,3229,4095,3284,4095,6360,14392,-892,6678,984,634,35.49
1750956304,Please,3344,3216,4095,3306,4095,5820,14380,-456,-1238,2073,29,35.49
1750956306,Please,3344,3237,3008,3361,4095,8588,13104,-5588,-384,706,-92,35.49
1750956308,Please,3345,3231,3007,3369,4095,6036,23440,-1540,-23664,-12168,-582,35.54
1750956310,Please,3365,3274,3005,3299,4095,6856,1124,10528,-32768,-6616,5712,35.49
1750956313,Please,3297,3312,4095,3338,4095,5104,-8832,8532,7736,-1585,-4147,35.59
1750956315,Please,3349,3297,3040,3403,4095,12112,16376,1344,32767,-1634,-5636,35.54
1750956317,Please,3271,3283,3033,3328,4095,5616,4120,8192,32767,7455,-14227,35.49
1750956319,Please,3282,3248,3010,3330,4095,6400,21152,852,20688,3594,3211,35.49
1750956321,Please,3343,3223,2998,3324,4095,6556,16136,-1432,2852,-1393,2366,35.59
1750956323,Please,3340,3209,2997,3312,4095,5736,18960,-492,-6584,555,-1980,35.54
1750956325,Please,3278,3205,2993,3275,4095,5840,16356,6644,-32768,985,-3402,35.49
1750956327,Please,3312,3215,3024,3275,4095,6424,15048,-2044,138,-70,-41,35.54
1750956329,Please,3291,3211,2993,3301,4095,5380,22496,560,-24493,-2134,-6589,35.49
1750956331,Please,3325,3294,3021,3344,4095,3688,-9772,7608,-8596,-2743,2766,35.54
1750956333,Please,3297,3303,4095,3312,4095,3956,-1804,6332,32767,3216,-13526,35.54
1750956335,Please,3300,3218,3009,3313,4095,4300,16440,676,3296,6424,1238,35.49
1750956337,Please,3312,3215,2992,3367,4095,3896,17980,-3112,-7350,441,-3151,35.45
1750956339,Please,3311,3248,2979,3312,4095,3512,-8216,10540,-23380,-7492,-335,35.49
1750956341,Please,3281,3254,2997,3301,4095,4908,628,10040,32767,7036,-12144,35.49
1750956343,Please,3295,3205,3015,3281,4095,4952,15668,-1280,761,-1460,3026,35.59
1750956345,Please,3345,3227,2994,3280,4095,5448,18964,816,-26267,-2673,-5854,35.45
1750956347,Please,3327,3248,2990,3298,4095,4300,-3724,12080,-30712,-4275,4025,35.45
1750956349,Please,3312,3291,4095,3284,4095,6684,-8024,2364,32767,1553,-8508,35.54
1750956351,Please,3315,3248,3015,3280,4095,6312,21672,7076,32767,3139,3574,35.59
1750956353,Please,3279,3233,3006,3273,4095,6888,14228,-2508,1550,-708,659,35.49
1750956355,Please,3299,3245,2999,3275,4095,5680,19156,904,14013,7143,1799,35.49
1750956357,Please,3309,3247,2992,3268,4095,4424,12084,-11008,2184,3110,-267,35.49
1750956425,Please,3322,3269,3038,3308,4095,7892,-4756,12096,-10424,-1400,3107,35.92
1750956427,Please,3391,3277,3063,3331,4095,8780,-6308,10100,-5903,-349,-1021,35.78
1750956429,Please,3467,3330,3086,3361,4095,7616,-8072,4536,8954,1851,-3976,35.73
1750956431,Please,3392,3327,3083,3326,4095,6576,18056,-5468,32767,315,-6270,35.87
1750956433,Please,3383,3245,3030,3314,4095,7676,14396,-6152,1869,-443,820,35.82
1750956435,Please,3413,3271,3038,3319,4095,7880,17392,-6608,-7671,-2210,-2055,35.82
1750956437,Please,3395,3306,3065,3347,4095,6580,-1144,11280,-18926,-2675,10553,35.78
1750956439,Please,3361,3291,3052,3319,4095,6812,-7332,9504,564,-1837,-2371,35.78
1750956441,Please,3354,3275,3056,3302,4095,2008,27200,-304,25240,10270,5776,35.78
1750956443,Please,3443,3267,3058,3303,4095,5496,13768,-7216,659,3667,-1411,35.73
1750956445,Please,3445,3293,3056,3331,4095,5840,18728,1960,-32768,-4581,11374,35.73
1750956447,Please,3415,3306,4095,3338,4095,7392,-6120,9612,-1445,266,1688,35.78
1750956449,Please,3381,3286,3023,3286,4095,4496,4996,3104,32767,10544,-14441,35.78
1750956451,Please,3409,3253,3024,3326,4095,3776,15808,-7128,-306,-4508,1959,35.82
1750956453,Please,3414,3250,3034,3339,4095,6640,20268,-4856,-9178,-8780,-3341,35.73
1750956455,Please,3403,3280,3056,3344,4095,6784,-4288,10780,-13258,261,2319,35.82
1750956457,Please,3382,3328,4095,3367,4095,4472,-956,4536,32767,13860,-14875,35.73
1750956459,Please,3394,3263,3030,3311,4095,8392,13308,-7000,-1800,-1401,967,35.78
1750956723,I Need Help,3895,3180,3437,3710,4095,16132,-2400,-744,0,-740,27,35.97
1750956725,I Need Help,3922,3995,3477,3719,4095,17036,-1624,112,-275,8,-284,36.01
1750956727,I Need Help,3893,3125,4095,3723,4095,16532,-2356,-576,-406,-548,-75,35.87
1750956729,I Need Help,3893,3271,3465,3728,4095,17464,-1788,-436,2782,70,258,35.87
1750956731,I Need Help,3893,3189,3458,3717,4095,17072,-1032,848,1105,266,48,35.87
1750956733,I Need Help,3897,3152,3438,3709,4095,17528,-412,772,-518,-331,24,35.78
1750956735,I Need Help,3904,3264,3433,3713,4095,16524,-1032,352,-1874,77,-523,35.87
1750956737,I Need Help,3890,4030,3440,3699,4095,16932,136,1556,-12,51,-175,35.78
1750956739,I Need Help,3888,3285,3408,3694,4095,16808,-516,572,1171,-2685,663,35.82
1750956741,I Need Help,3882,3539,3409,3693,4095,17616,-2628,-700,-2477,67,-1282,35.82
1750956743,I Need Help,3873,3667,3431,3703,4095,17580,-1404,-2116,981,75,53,35.68
1750956745,I Need Help,3869,3779,3425,3694,4095,17112,-1208,-636,-4052,-244,-1432,35.78
1750956747,I Need Help,3879,4004,3443,3694,4095,16968,-632,-424,-374,-476,193,35.78
1750956749,I Need Help,3869,3231,3440,3687,4095,17192,-1024,-1468,-293,1039,-543,35.73
1750956751,I Need Help,3866,4019,3465,3685,4095,17160,-524,-1688,-187,15,-237,35.78
1750956753,I Need Help,3867,3331,3413,3687,4095,17100,-620,-2228,-247,79,-388,35.73
1750956755,I Need Help,3856,3386,3385,3675,4095,17012,-396,-2000,-644,514,-455,35.64
1750956757,I Need Help,3859,3994,3424,3687,4095,17064,40,-1224,-405,422,-126,35.59
1750956759,I Need Help,3856,3838,3402,3677,4095,17352,192,-2476,2182,-1540,832,35.59
1750956761,I Need Help,3858,3536,3395,3675,4095,16820,-744,-2212,-34,49,-370,35.54
1750956763,I Need Help,3866,4003,4095,3671,4095,17048,-216,-1548,69,23,278,35.64
1750956765,I Need Help,3865,3866,3415,3679,4095,17244,-384,-3068,116,-1199,-209,35.59
1750956767,I Need Help,3845,3663,3365,3670,4095,16488,-784,-2652,-586,-513,16,35.59
1750956769,I Need Help,3839,3376,3324,3664,4095,17012,-1436,-4356,-301,1022,-540,35.59
1750956771,I Need Help,3883,3986,4095,3699,4095,16852,-504,-2404,-386,-4,-208,35.59
1750956773,I Need Help,3865,3847,3425,3685,4095,17488,-1216,-4928,-3452,3377,-2431,35.59
1750956775,I Need Help,3856,3616,3419,3671,4095,16632,-508,-3508,122,-1221,183,35.54
1750956777,I Need Help,3841,3963,4095,3664,4095,15896,-1496,-4520,-2686,907,-1741,35.54
1750956779,I Need Help,3852,3685,3379,3662,4095,17020,-480,-3568,-152,868,-133,35.49
1750956781,I Need Help,3894,4032,4095,3668,4095,16860,-600,-2900,-1144,674,167,35.49
1750956783,I Need Help,3862,3280,4095,3674,4095,17452,-1828,-3660,-365,-745,1029,35.49
1750956785,I Need Help,3856,3885,3411,3662,4095,16316,-1728,-3844,-2738,1146,-1304,35.49
1750956787,I Need Help,3863,3205,3401,3667,4095,17204,-532,-2772,-2684,2488,-1798,35.49
1750956789,I Need Help,3866,3990,4095,3669,4095,17492,-68,-1808,-22,-225,-278,35.49
1750956791,I Need Help,3858,3960,4095,3664,4095,17504,324,-1744,-419,-120,-277,35.54
1750956984,I need Help,3771,3929,3627,3815,4095,16480,-3260,-424,-506,-70,-542,35.45
1750956986,I need Help,3774,3939,4095,3815,4095,16620,-1900,-532,-580,542,-511,35.49
1750956988,I need Help,3746,3229,4095,3768,4095,16092,-2140,608,-335,-1056,-286,35.35
1750956990,I need Help,3750,3997,3557,3766,4095,16828,-1808,1532,-375,-578,-183,35.4
1750956992,I need Help,3744,3944,4095,3746,4095,16484,-1376,1808,-222,316,845,35.45
1750956994,I need Help,3747,3215,4095,3760,4095,16128,-2740,2684,-1704,661,-1083,35.31
1750956996,I need Help,3767,3994,3529,3738,4095,16356,-2260,2520,-475,736,-330,35.4
1750956998,I need Help,3729,3923,3537,3728,4095,16064,-2540,4132,-23,-180,-152,35.4
1750957000,I need Help,3722,3207,4095,3735,4095,16372,-2084,2992,-457,902,-530,35.4
1750957002,I need Help,3754,3721,4095,3717,4095,16592,-1504,3132,-478,-167,-1274,35.4
1750957004,I need Help,3734,3941,3522,3736,4095,16268,-1940,2736,-626,134,-320,35.45
1750957006,I need Help,3766,3933,3504,3743,4095,16360,-1780,3212,-722,20,-352,35.31
1750957008,I need Help,3757,3914,3514,3717,4095,16468,-1836,2704,-530,179,-338,35.45
1750957010,I need Help,3748,3185,4095,3710,4095,16576,-1380,2752,-432,-361,-264,35.35
1750957340,I'm Sorry,3659,3946,4095,4095,4095,13780,9600,-1288,3809,10329,4724,35.64
1750957342,I'm Sorry,3664,3939,4095,4095,4095,13636,9896,-1280,-4343,7570,9026,35.49
1750957344,I'm Sorry,3634,3887,4095,4095,4095,7536,7940,1932,-1324,-2480,-8603,35.54
1750957403,I'm Sorry,3702,3875,4095,4095,4095,7036,19152,1812,-2244,-2751,-5627,35.64
1750957405,I'm Sorry,3646,3849,4095,4095,4095,7756,17972,2648,1341,-1627,-488,35.64
1750957407,I'm Sorry,3661,3888,4095,4095,4095,15644,18616,-2968,12638,-268,14787,35.59
1750957409,I'm Sorry,3661,3835,4095,4095,4095,12428,928,1968,-8133,1220,49,35.68
1750957411,I'm Sorry,3639,3819,4095,4095,4095,9068,11032,-1776,-4198,-3243,-12555,35.73
1750957413,I'm Sorry,3664,3830,4095,4095,4095,10636,16304,-7572,2629,-4580,-3258,35.64
1750957415,I'm Sorry,3648,3838,4095,4095,4095,13588,4972,-952,-8447,-541,10690,35.64
1750957417,I'm Sorry,3600,3866,4095,4095,4095,8692,17500,-6560,5001,-4813,-2136,35.59
1750957419,I'm Sorry,3674,3830,4095,4095,4095,11068,3492,420,-7032,3805,6900,35.49
1750957421,I'm Sorry,3647,3815,4095,4095,4095,9152,18572,-8544,5227,3167,-408,35.49
1750957423,I'm Sorry,3583,3810,4095,4095,4095,9568,4344,-2220,-2773,178,-6191,35.64
1750957425,I'm Sorry,3659,3795,4095,4095,4095,13924,13832,-2784,-5692,3150,17550,35.49
1750957427,I'm Sorry,3646,3851,4095,4095,4095,8628,17204,-1772,-3703,6703,10182,35.49
1750957429,I'm Sorry,3652,3835,4095,4095,4095,13104,14192,-3380,-91,8078,19182,35.49
1750957431,I'm Sorry,3645,3856,4095,4095,4095,11392,18732,-4864,3614,717,-2741,35.49
1750957433,I'm Sorry,3649,3811,4095,4095,4095,6420,5796,204,-4296,-3808,-11387,35.49
1750957435,I'm Sorry,3661,3810,4095,4095,4095,10996,7828,2876,-11018,4879,10506,35.49
1750957437,I'm Sorry,3664,3856,4095,4095,4095,9616,18616,-6096,9646,2123,-3923,35.4
1750957439,I'm Sorry,3642,3822,4095,4095,4095,7856,6660,-1228,-8616,-7843,-6635,35.4
1750957441,I'm Sorry,3647,3851,4095,4095,4095,12012,15916,-4516,-3745,7858,13381,35.4
1750957443,I'm Sorry,3631,3719,4095,4095,4095,7132,20920,-7480,8461,5202,-5165,35.4
1750957445,I'm Sorry,3651,3824,4095,4095,4095,9208,6928,-1916,-5847,-6257,-5519,35.35
1750957447,I'm Sorry,3658,3801,4095,4095,4095,13504,19552,-5332,2861,5241,11630,35.35
1750957449,I'm Sorry,3651,3801,4095,4095,4095,6348,17020,-5352,-945,-5901,-10080,35.4
1750957451,I'm Sorry,3654,3805,4095,4095,4095,9020,3476,80,-5793,-2976,-7936,35.35
1750957453,I'm Sorry,3657,3815,4095,4095,4095,15208,12972,-3672,-3986,7955,13157,35.35
1750957455,I'm Sorry,3646,3822,4095,4095,4095,9612,20084,-5480,7643,3533,2647,35.26
1750957457,I'm Sorry,3650,3811,4095,4095,4095,7560,12268,-6488,-3673,-3829,-16530,35.26
1750957459,I'm Sorry,3649,3797,4095,4095,4095,11220,6512,-1356,-5633,-2187,-3175,35.4
1750957461,I'm Sorry,3649,3807,4095,4095,4095,15964,19912,-5232,7795,870,9208,35.31
1750957463,I'm Sorry,3646,3808,4095,4095,4095,6420,12536,-3768,-2278,-7428,-15125,35.21
1750957465,I'm Sorry,3655,3798,4095,4095,4095,13532,9528,-1616,-8671,5435,8446,35.21
1750957467,I'm Sorry,3639,3798,4095,4095,4095,7576,12256,-1676,-974,-4422,-12909,35.26
1750957469,I'm Sorry,3642,3798,4095,4095,4095,15552,13788,-4860,-4711,2087,11042,35.21
1750957471,I'm Sorry,3634,3802,4095,4095,4095,6984,16152,-7332,2061,-4720,-10821,35.26
1750957473,I'm Sorry,3637,3799,4095,4095,4095,10736,4720,-2264,-2743,-4604,-6683,35.17
1750957475,I'm Sorry,3653,3795,4095,4095,4095,16836,8908,-3844,-368,5303,11963,35.26
1750957477,I'm Sorry,3630,3813,4095,4095,4095,9056,14828,-5192,6976,618,-10491,35.17
1750957479,I'm Sorry,3646,3804,4095,4095,4095,13096,4312,-452,-2322,4990,1585,35.17
1750957481,I'm Sorry,3637,3799,4095,4095,4095,9692,17456,-3668,10253,5150,5749,35.17
1750957483,I'm Sorry,3637,3795,4095,4095,4095,12592,4628,680,-1190,7594,1503,35.12
1750957485,I'm Sorry,3632,3795,4095,4095,4095,13592,16928,-6168,9400,-1955,6866,35.17
1750957487,I'm Sorry,3648,3781,4095,4095,4095,6276,8036,164,-4219,-2262,-14267,35.21
1750957489,I'm Sorry,3635,3792,4095,4095,4095,13436,9596,388,-6393,7455,11064,35.02
1750957491,I'm Sorry,3635,3787,4095,4095,4095,7376,18180,-5596,7085,5932,-8276,35.17
1750957558,I'm Sorry,3703,3983,4095,4095,4095,14200,4260,3436,-987,3213,1412,35.49
1750957560,I'm Sorry,3670,3962,4095,4095,4095,14012,16336,-4692,12372,-1327,-814,35.45
1750957744,Stop,3269,3202,2949,3248,4095,15864,-1856,3160,1449,-632,-2248,35.64
1750957746,Stop,3347,3184,2960,3324,4095,13164,16212,-3140,-4424,-473,-849,35.54
1750957748,Stop,3377,3180,2955,3322,4095,14712,7340,-1828,-10167,2468,17795,35.64
1750957750,Stop,3335,3190,2955,3355,4095,13484,-11036,4044,-1515,-1009,-1148,35.64
1750957752,Stop,3389,3184,2960,3280,4095,10268,16924,-5352,11532,-6747,-18876,35.59
1750957754,Stop,3399,3159,2960,3007,4095,8788,14200,-4776,-598,889,2138,35.59
1750957756,Stop,3442,3143,2981,3303,4095,13112,4092,324,-5529,5276,18060,35.49
1750957758,Stop,3422,3175,3002,3346,4095,10220,13364,-5588,-577,-47,-11970,35.54
1750957760,Stop,3389,3157,2960,3002,4095,11092,12400,-2272,-707,173,73,35.68
1750957762,Stop,3422,3169,2969,2951,4095,11416,15148,-4040,-653,885,2388,35.54
1750957764,Stop,3395,3166,2990,3218,4095,13692,9948,-2316,-5464,4025,13270,35.59
1750957766,Stop,3367,3182,2963,3276,4095,16068,-4216,-136,-2004,-5,25,35.45
1750957768,Stop,3348,3190,2954,3279,4095,13172,5400,-4644,9729,-6043,-21385,35.49
1750957770,Stop,3338,3165,2960,3258,4095,10864,11148,-1688,-254,-515,-714,35.54
1750957797,Stop,3511,3171,2970,3307,4095,14528,-4520,1652,-4245,-3473,7343,35.45
1750957799,Stop,3457,3162,2963,3418,4095,6320,12360,-3336,887,-2606,-3920,35.35
1750957801,Stop,3442,3165,2970,3301,4095,9760,10748,-2540,-2290,1070,14846,35.4
1750957803,Stop,3456,3172,2966,3303,4095,11900,10564,-2324,-4205,4702,15941,35.35
1750957805,Stop,3431,3172,2967,3325,4095,15468,-4904,2872,-345,-1892,2495,35.4
1750957807,Stop,3431,3152,2970,3314,4095,10472,24276,-6432,882,-3917,5255,35.4
1750957809,Stop,3408,3151,2970,3273,4095,9640,14388,-4436,-307,302,729,35.4
1750957811,Stop,3407,3159,2974,3290,4095,13572,9236,-3408,-3780,3770,14581,35.31
1750957813,Stop,3427,3193,2981,3280,4095,14496,-6512,-192,-481,-762,-6216,35.31
1750957815,Stop,3425,3171,2978,3278,4095,13876,23216,-2968,-3418,-2050,593,35.35
1750957817,Stop,3412,3168,2961,3300,4095,9356,13580,-3924,787,-787,441,35.35
1750957820,Stop,3378,3159,2967,3356,4095,9104,13788,-5920,-514,256,-376,35.31
1750957822,Stop,3423,3159,2967,3319,4095,9184,14024,-7760,718,3905,2703,35.45
1750957824,Stop,3372,3169,2959,3266,4095,10368,13172,-3528,35,-152,833,35.35
1750957826,Stop,3358,3162,2973,3280,4095,9624,13492,-3940,-281,-408,-306,35.26
1750957828,Stop,3393,3178,2981,3291,4095,9920,13532,-3760,-607,-135,-219,35.35
1750957830,Stop,3383,3152,2960,3251,4095,9904,13516,-4112,-671,-6,-50,35.31
1750957832,Stop,3414,3167,2931,3278,4095,9588,13504,-3316,-95,-309,-305,35.35
1750957834,Stop,3395,3166,2975,3264,4095,9800,13660,-3368,-585,-77,-43,35.31
1750957836,Stop,3440,3167,2978,3283,4095,8800,13824,-3064,-545,139,-479,35.21
1750957838,Stop,3417,3171,2987,3273,4095,8920,13604,-3712,-420,-86,6,35.21
1750957840,Stop,3405,3159,2992,3312,4095,9412,13752,-3296,-127,-221,-155,35.21
1750957842,Stop,3417,3158,2977,3271,4095,10032,13236,-3556,-303,-257,-66,35.26
1750957844,Stop,3407,3155,2975,3375,4095,10264,13624,-3472,906,-491,833,35.31
1750957846,Stop,3403,3152,2945,3269,4095,9804,13236,-4436,-148,-169,159,35.21
1750957848,Stop,3408,3152,2944,3280,4095,10320,12956,-4356,-466,-129,-260,35.31
1750957850,Stop,3431,3157,2971,3260,4095,13136,17444,-5944,588,-1643,16026,35.26
1750957852,Stop,3370,3173,2969,3257,4095,10532,13032,-4412,-859,234,75,35.21
1750957854,Stop,3409,3158,2960,3312,4095,9756,13248,-3940,145,-134,-74,35.21
1750957856,Stop,3387,3152,2971,3267,4095,9980,12952,-4500,-204,-324,-157,35.17
1750957858,Stop,3447,3159,2967,3280,4095,9584,13720,-4888,-72,50,-259,35.17
1750957860,Stop,3477,3165,2960,3264,4095,9320,13516,-4336,-578,-139,-171,35.07
1750957862,Stop,3376,3143,2966,3263,4095,9836,15040,-5428,7,203,1919,35.12
1750957864,Stop,3408,3165,2986,3230,4095,10100,13288,-4324,-458,-66,-330,35.07
1750958028,I'm Hungry,3679,3539,4095,3555,4095,11640,10332,-12076,2865,8917,6136,35.49
1750958030,I'm Hungry,3703,3558,4095,3501,4095,10076,14760,-19568,3967,4671,2879,35.64
1750958032,I'm Hungry,3645,3536,4095,3493,4095,7072,4596,-11008,-83,25320,11624,35.54
1750958034,I'm Hungry,3693,3539,4095,3472,4095,16552,3972,-168,-376,218,-47,35.59
1750958036,I'm Hungry,3690,3555,4095,3479,4095,16388,3916,288,-283,-12,41,35.54
1750958038,I'm Hungry,3665,3642,4095,3526,4095,16528,3984,-464,35,-1226,-1464,35.54
1750958040,I'm Hungry,3694,3580,4095,3471,4095,14824,2300,1544,-1393,4092,1432,35.54
1750958042,I'm Hungry,3696,3567,4095,3456,4095,11684,7524,-13084,1872,-10090,-5387,35.54
1750958044,I'm Hungry,3696,3600,4095,3494,4095,10812,8412,-17252,1932,-903,-1464,35.54
1750958046,I'm Hungry,3696,3491,4095,3408,4095,14508,3688,-1896,282,-81,-437,35.54
1750958048,I'm Hungry,3733,3536,4095,3451,4095,7888,7880,-23072,-4236,5366,1879,35.49
1750958050,I'm Hungry,3699,3563,3169,3440,4095,10712,8220,-22228,2455,1343,430,35.49
1750958052,I'm Hungry,3701,3583,4095,3423,4095,14828,1692,2156,264,495,432,35.49
1750958054,I'm Hungry,3722,3594,4095,3409,4095,12168,3952,-1596,1816,-12872,-7307,35.4
1750958056,I'm Hungry,3712,3582,4095,3409,4095,10616,9508,-17128,8677,-3716,-4933,35.49
1750958058,I'm Hungry,3713,3583,4095,3455,4095,11160,5168,-7072,-3215,20946,9107,35.49
1750958060,I'm Hungry,3718,3583,4095,3427,4095,16552,1848,2732,50,9,-554,35.45
1750958062,I'm Hungry,3705,3569,4095,3441,4095,15580,1688,3216,-1394,-1862,-1019,35.45
1750958064,I'm Hungry,3700,3573,4095,3440,4095,12524,8400,-15432,-4320,-11663,-5051,35.31
1750958066,I'm Hungry,3698,3567,3140,3421,4095,14520,4912,-9444,-816,-7857,-2504,35.54
1750958068,I'm Hungry,3711,3574,3163,3428,4095,15216,3784,-4688,11,-8474,-3417,35.4
1750958070,I'm Hungry,3694,3577,4095,3431,4095,13304,5320,-4860,-126,-15786,-2597,35.45
1750958072,I'm Hungry,3709,3568,3147,3392,4095,12352,7472,-13644,1864,-8969,-3261,35.31
1750958074,I'm Hungry,3711,3579,4095,3455,4095,11748,11324,-19108,436,3688,1951,35.45
1750958076,I'm Hungry,3683,3557,4095,3401,4095,11448,6044,-14832,-3425,19218,7007,35.4
1750958078,I'm Hungry,3709,3564,3173,3429,4095,10704,2708,-1092,234,18300,6888,35.4
1750958080,I'm Hungry,3681,3543,3307,3443,4095,15960,4188,-3484,1508,-14370,-3541,35.35
1750958082,I'm Hungry,3712,3568,3165,3392,4095,13716,5584,-10264,-1568,-8947,-3831,35.45
1750958084,I'm Hungry,3686,3573,3174,3402,4095,11692,7280,-13672,-256,-3712,-2063,35.31
1750958086,I'm Hungry,3703,3568,3147,3414,4095,13004,9184,-17468,-468,9657,4986,35.35
1750958088,I'm Hungry,3687,3583,3210,3422,4095,10564,180,8204,-1460,13008,3330,35.45
1750958090,I'm Hungry,3664,3568,3109,3421,4095,12976,1016,4808,1568,-12928,-3944,35.35
1750958092,I'm Hungry,3679,3583,4095,3466,4095,13324,6572,-10408,29,-11050,-7057,35.4
1750958094,I'm Hungry,3674,3568,3138,3382,4095,12680,9380,-20320,163,9200,4557,35.35
1750958096,I'm Hungry,3690,3568,4095,3408,4095,11508,-1304,6008,-2379,10314,4574,35.35
1750958098,I'm Hungry,3690,3580,4095,3357,4095,11844,2148,-1440,-3515,-20324,-9061,35.35
1750958100,I'm Hungry,3695,3565,4095,3440,4095,11808,10140,-21160,438,18317,7206,35.35
1750958102,I'm Hungry,3693,3561,4095,3392,4095,12216,1676,2968,-95,13056,6690,35.35
1750958104,I'm Hungry,3697,3536,4095,3446,4095,17124,8,1408,-897,757,-276,35.4
1750958106,I'm Hungry,3687,3575,4095,3427,4095,13224,6336,-8308,-2778,4717,4124,35.45
1750958108,I'm Hungry,3665,3546,4095,3428,4095,10652,4028,-10112,-693,-18613,-4612,35.49
1750958110,I'm Hungry,3699,3535,3120,3408,4095,6084,5316,-18512,-2586,-11325,-4816,35.45
1750958112,I'm Hungry,3689,3550,3121,3379,4095,2952,8112,-21336,-5558,-7224,-2298,35.4
1750958114,I'm Hungry,3681,3566,3200,3429,4095,2496,9820,-20732,-696,-9684,-2650,35.45
1750958116,I'm Hungry,3666,3583,4095,3347,4095,16524,3628,-1788,-301,-402,-806,35.4
1750958118,I'm Hungry,3682,3555,4095,3524,4095,20584,22656,-4900,-11564,-6605,-1324,35.4
1750958189,I'm Thirsity,3819,3771,3414,3552,4095,8136,13200,660,-394,-231,517,35.49
1750958225,I'm Thirsty,3758,3909,3471,3648,4095,15152,-1672,5368,-2748,20,2698,35.59
1750958227,I'm Thirsty,3778,3879,3454,3643,4095,13820,-972,4480,-6946,192,10268,35.49
1750958229,I'm Thirsty,3729,3850,3436,3634,4095,12456,-1788,4948,-11063,2588,14006,35.54
1750958231,I'm Thirsty,3758,3839,3422,3573,4095,16184,-3928,4572,-910,-434,-619,35.64
1750958233,I'm Thirsty,3742,3888,3406,3597,4095,15860,448,4596,960,-669,-2833,35.59
1750958235,I'm Thirsty,3744,3855,3426,3579,4095,15528,-1668,5668,155,-495,-587,35.54
1750958237,I'm Thirsty,3722,3845,3443,3562,4095,16196,-1184,3664,-776,15,-286,35.59
1750958239,I'm Thirsty,3724,3856,3427,3598,4095,15992,-768,3960,-425,-77,-467,35.49
1750958241,I'm Thirsty,3751,3877,3418,3605,4095,16260,-680,3700,-803,-683,-352,35.54
1750958243,I'm Thirsty,3700,3883,3354,3617,4095,16208,-1572,4044,264,4,-162,35.49
1750958245,I'm Thirsty,3728,3868,3397,3599,4095,16156,-1836,3684,-140,105,-151,35.54
1750958247,I'm Thirsty,3716,3850,3397,3643,4095,15856,-2468,4216,-271,-155,-866,35.59
1750958249,I'm Thirsty,3725,3825,3423,3630,4095,16192,-1940,4016,-155,-46,-97,35.59
1750958251,I'm Thirsty,3722,3859,3379,3627,4095,15864,-2168,3724,-801,145,-1759,35.59
1750958253,I'm Thirsty,3712,3827,3414,3602,4095,16256,-952,4568,131,-3,-906,35.54
1750958255,I'm Thirsty,3734,3823,3407,3575,4095,13628,-8564,3876,8744,-661,-11585,35.54
1750958257,I'm Thirsty,3711,3803,3398,3569,4095,3988,13024,-2024,8609,-2382,-25006,35.45
1750958259,I'm Thirsty,3739,3831,3376,3549,4095,4408,21056,-5160,4551,-4407,-13816,35.49
1750958261,I'm Thirsty,3703,3855,3359,3557,4095,3084,18260,-2872,8114,-2831,-22471,35.49
1750958263,I'm Thirsty,3730,3824,3392,3558,4095,2316,21536,-6556,10589,-5005,-21155,35.54
1750958265,I'm Thirsty,3725,3817,3383,3551,4095,6136,12460,-3784,7475,-3852,-20794,35.45
1750958267,I'm Thirsty,3699,3899,3371,3553,4095,6312,7140,-56,8676,195,-32381,35.54
1750958269,I'm Thirsty,3727,3819,3351,3518,4095,7844,13936,-2140,932,-1313,-21877,35.54
1750958271,I'm Thirsty,3660,3815,3371,3570,4095,5304,17704,-3708,6116,-2930,-13707,35.49
1750958273,I'm Thirsty,3716,3833,3423,3531,4095,5892,14672,-1360,1997,-2245,-11650,35.45
1750958275,I'm Thirsty,3696,3871,3358,3530,4095,9204,16768,-4700,-4129,4531,10766,35.4
1750958277,I'm Thirsty,3723,3857,3445,3622,4095,15408,-5928,2632,1107,-564,-352,35.49
1750958279,I'm Thirsty,3710,3819,3376,3567,4095,12264,-1584,2120,5202,-2186,-20782,35.54
1750958281,I'm Thirsty,3707,3718,3361,3557,4095,4108,21516,-4860,-698,-688,-10051,35.35
1750958283,I'm Thirsty,3707,3814,3369,3545,4095,3552,20228,-4172,-7078,2892,21671,35.54
1750958285,I'm Thirsty,3823,3812,3406,3601,4095,13896,-5252,1812,-4726,-916,9401,35.49
1750958287,I'm Thirsty,3818,3806,3415,3552,4095,16644,240,3124,-529,105,-553,35.54
1750958289,I'm Thirsty,3786,3792,3472,3552,4095,14288,-3404,2428,6293,25,-12136,35.4
1750958291,I'm Thirsty,3794,3787,3365,3547,4095,5816,17080,-240,12577,-4388,-25744,35.4
1750958293,I'm Thirsty,3782,3795,3378,3522,4095,2344,26160,-7632,-6551,2168,12535,35.45
1750958295,I'm Thirsty,3775,3790,3391,3562,4095,14152,-2700,3416,-358,-505,8208,35.49
1750958297,I'm Thirsty,3767,3799,3383,3577,4095,13432,-8024,3048,-121,-186,-3222,35.45
1750958299,I'm Thirsty,3760,3819,3371,3536,4095,9012,15208,-3288,5114,-5137,-25340,35.4
1750958301,I'm Thirsty,3770,3781,3359,3518,4095,2340,27692,-5644,-190,457,1629,35.45
1750958303,I'm Thirsty,3725,3796,3275,3579,4095,12584,-3136,1840,-6161,-596,10800,35.45
1750958305,I'm Thirsty,3759,3792,3363,3564,4095,5336,20940,-6072,2625,-2595,-17318,35.49
1750958307,I'm Thirsty,3728,3754,3380,3614,4095,3120,18048,-3856,-10059,3915,26031,35.49
1750958309,I'm Thirsty,3745,3783,3399,3632,4095,11588,-2900,1812,-6708,499,17968,35.45
1750958311,I'm Thirsty,3723,3787,3414,3634,4095,16156,-516,2560,491,-220,-1556,35.45
1750958313,I'm Thirsty,3735,3791,3315,3603,4095,15692,-2412,1860,6157,1026,-7661,35.4
1750958406,Sleep,3702,3475,3071,3347,4095,16740,2984,4940,-3362,-1852,3676,35.54
1750958408,Sleep,3632,3695,4095,3382,4095,15624,3516,5980,-1225,-171,-597,35.59
1750958410,Sleep,3759,3527,4095,3315,4095,16164,5428,6636,-2161,-204,-2204,35.45
1750958412,Sleep,3718,3569,4095,3367,4095,19672,2532,4720,2922,-2642,-2129,35.59
1750958414,Sleep,3698,3553,4095,3344,4095,16212,1536,4268,-390,1557,-1115,35.49
1750958416,Sleep,3694,3542,3071,3345,4095,15704,3740,3788,-301,334,-673,35.64
1750958418,Sleep,3708,3485,4095,3282,4095,17544,4152,6412,572,-296,-2785,35.59
1750958420,Sleep,3383,3248,4095,3277,4095,13864,44,8296,-355,-733,-982,35.49
1750958422,Sleep,3703,3445,4095,3125,4095,15616,3128,5296,-19,7,-253,35.54
1750958424,Sleep,3648,3376,4095,3429,4095,16044,48,7040,1787,-512,-921,35.59
1750958426,Sleep,3671,3552,4095,3323,4095,15692,2680,5712,-438,16,-1386,35.54
1750958428,Sleep,3741,3423,4095,3255,4095,16188,3880,5492,-339,-255,-628,35.49
1750958430,Sleep,3683,3399,3008,3289,4095,15896,3132,7212,-730,-2959,-1446,35.45
1750958432,Sleep,3601,3271,4095,3398,4095,9748,-1756,9376,2299,-2839,-692,35.59
1750958435,Sleep,3322,3317,4095,3291,4095,9860,128,10308,-1734,-493,-60,35.49
1750958437,Sleep,3455,3297,4095,3280,4095,10684,388,10912,-2024,2137,-776,35.49
1750958439,Sleep,3379,3307,4095,3270,4095,9960,20,10340,702,-3591,267,35.49
1750958441,Sleep,3696,3339,4095,3268,4095,11644,-396,7392,3968,-3689,-1019,35.49
1750958443,Sleep,3686,3345,4095,3324,4095,13596,2024,5528,45,-3411,-1876,35.45
1750958445,Sleep,3541,3312,4095,3318,4095,12612,-1712,6872,249,-2740,144,35.54
1750958447,Sleep,3421,3317,4095,3349,4095,10324,-960,8856,-2497,2139,675,35.49
1750958449,Sleep,3538,3353,4095,3299,4095,13932,308,5524,2337,-4311,-1722,35.45
1750958451,Sleep,3698,3426,3275,3357,4095,16408,2208,4356,1021,-3228,-2955,35.54
1750958453,Sleep,3725,3553,3161,3306,4095,15984,1564,5540,2359,779,-1676,35.59
1750958455,Sleep,3693,3448,4095,3323,4095,16428,4376,5168,2943,-1221,-1592,35.49
1750958457,Sleep,3706,3424,4095,3318,4095,16392,3416,5708,-2661,2168,2615,35.45
1750958459,Sleep,3526,3300,4095,3344,4095,14164,1056,5172,-3043,3593,1108,35.4
1750958461,Sleep,3623,3325,4095,3273,4095,14216,784,3432,17,4607,1116,35.4
1750958463,Sleep,3568,3287,4095,3367,4095,11504,-900,5636,917,271,-543,35.4
1750958465,Sleep,3679,3406,4095,3300,4095,17848,3196,5192,3718,-3339,-3219,35.45
1750958467,Sleep,3727,3549,4095,3337,4095,15376,2308,6884,1158,200,-697,35.4
1750958469,Sleep,3696,3523,4095,3254,4095,16688,4720,6512,-3169,-4637,1254,35.49
1750958471,Sleep,3687,3371,4095,3427,4095,16620,1300,4044,-1648,2370,3043,35.45
1750958473,Sleep,3400,3302,4095,3328,4095,11000,-636,3888,-723,232,7,35.4
1750958475,Sleep,3696,3428,4095,3328,4095,14248,-1060,8816,-1328,-1680,-1765,35.4
1750958477,Sleep,3711,3522,4095,3310,4095,17804,3764,4912,1109,-189,-342,35.45
1750958479,Sleep,3696,3414,4095,3212,4095,16208,2868,4068,-905,-230,-105,35.49
1750958481,Sleep,3648,3360,4095,3363,4095,15464,-1028,2236,-2314,6197,1831,35.31
1750958483,Sleep,3648,3366,4095,3386,4095,15864,-1796,5816,-2002,-1481,-1723,35.4
1750958485,Sleep,3726,3518,4095,3290,4095,17052,3680,5384,-557,869,-2672,35.31
1750958487,Sleep,3684,3468,4095,3248,4095,16388,5316,4168,-1093,-348,1000,35.4
1750958489,Sleep,3533,3293,4095,3293,4095,11132,-1016,5328,-3451,-411,-1211,35.4
1750958491,Sleep,3712,3526,3052,3349,4095,18660,3020,4824,-893,1095,-3266,35.45
1750958493,Sleep,3654,3497,4095,3285,4095,16092,3324,4280,-653,397,-384,35.35
1750966249,Goodbye,3536,3412,4095,3376,4095,17136,-1752,-1544,-348,-786,91,33.61
1750966251,Goodbye,3536,3383,4095,3399,4095,16752,-2052,-1212,-1138,-121,131,33.52
1750966253,Goodbye,3549,3951,3568,3921,4095,16648,-1904,-3248,1108,-491,1292,33.42
1750966255,Goodbye,3472,4007,4095,3888,4095,16568,-3200,-1680,-910,94,-265,33.57
1750966257,Goodbye,3549,4026,4095,3761,4095,16816,-2976,-1272,50,776,-209,33.52
1750966259,Goodbye,3578,4011,4095,3919,4095,16512,-3140,-788,-464,284,-30,33.52
1750966261,Goodbye,3583,3990,4095,3920,4095,16528,-3060,-880,-569,-28,-212,33.47
1750966263,Goodbye,3612,4018,4095,3878,4095,16704,-3076,-1024,-139,-183,-437,33.47
1750966265,Goodbye,3631,4002,4095,3897,4095,16704,-2964,-580,-192,-5,-150,33.61
1750966267,Goodbye,3647,4009,4095,3883,4095,16708,-3148,-332,-270,-6,-178,33.47
1750966269,Goodbye,3664,3985,3711,3884,4095,16708,-3240,-92,-504,315,-293,33.57
1750966271,Goodbye,3635,3977,3719,3903,4095,16456,-3176,236,-523,234,-203,33.47
1750966273,Goodbye,3630,4059,4095,3918,4095,16580,-2372,-620,-130,376,206,33.52
1750966275,Goodbye,3529,3333,4095,3361,4095,16696,-284,4152,-1452,-6795,169,33.38
1750966277,Goodbye,3654,4043,3750,3952,4095,15836,-1564,1256,-547,1118,-254,33.47
1750966279,Goodbye,3583,3467,3115,3532,4095,16972,-1880,-28,-4820,-1088,-1715,33.42
1750966281,Goodbye,3664,4061,4095,3925,4095,16872,-2120,-1304,1230,-507,1455,33.42
1750966283,Goodbye,3696,4029,4095,3911,4095,16924,-1420,-1516,721,-812,119,33.42
1750966285,Goodbye,3628,3697,4095,3658,4095,16012,-1468,-2100,-2174,1465,-999,33.38
1750966287,Goodbye,3580,3406,4095,3551,4095,17400,-1820,-288,-365,190,466,33.71
1750966289,Goodbye,3548,3364,4095,4095,4095,19700,-1876,-2240,-3647,-8397,1919,33.47
1750966291,Goodbye,3562,3475,4095,3459,4095,19912,-396,376,-3008,2073,-1753,33.42
1750966293,Goodbye,3520,3359,4095,3408,4095,17684,-880,-1892,-1154,-635,22,33.52
1750966295,Goodbye,3626,4074,4095,3868,4095,17364,-808,-1728,-829,1150,-291,33.38
1750966297,Goodbye,3625,4065,4095,3885,4095,17012,-692,-744,-184,181,-131,33.42
1750966299,Goodbye,3634,4063,4095,3874,4095,17200,-804,-684,-465,25,-293,33.47
1750966301,Goodbye,3659,4076,4095,3909,4095,16932,-588,-792,-321,-27,-239,33.42
1750966303,Goodbye,3646,4043,4095,3891,4095,17000,-644,-580,-17,501,-451,33.42
1750966305,Goodbye,3632,4067,4095,3900,4095,16984,-1208,20,-443,-195,-89,33.38
1750966307,Goodbye,3651,4049,4095,3895,4095,16984,-1000,-108,-546,-16,-249,33.47
1750966309,Goodbye,3643,4047,4095,3855,4095,16824,-1152,28,-576,-124,-204,33.42
1750966311,Goodbye,3632,3940,4095,3880,4095,16740,-212,604,-646,60,-243,33.38
1750966313,Goodbye,3639,4037,4095,3845,4095,16688,-720,212,-266,132,-231,33.47
1750966315,Goodbye,3709,4039,4095,3826,4095,16752,-1124,-176,-295,227,-183,33.28
1750966317,Goodbye,3646,4061,4095,3856,4095,16664,120,1604,-372,678,-92,33.42
1750966319,Goodbye,3659,4022,4095,3812,4095,16996,-360,348,-320,804,-177,33.47
1750966321,Goodbye,3649,3943,4095,3786,4095,17996,-692,2184,-2727,-1916,394,33.33
1750966323,Goodbye,3597,3520,4095,3370,4095,17700,-68,36,-2979,-348,-864,33.28
1750966325,Goodbye,3643,3975,4095,3897,4095,16228,-704,444,156,1583,-1067,33.42
1750966327,Goodbye,3685,4081,4095,3883,4095,16304,432,2032,-177,-154,-1,33.33
1750966329,Goodbye,3667,4095,4095,3911,4095,16552,-1244,656,17,948,464,33.33
1750966331,Goodbye,3689,4071,4095,3918,4095,16920,-1036,-528,-361,-191,-160,33.28
1750966333,Goodbye,3675,3924,3661,3818,4095,16732,-2040,2996,-3505,2270,-1758,33.33
1750966335,Goodbye,3670,3779,4095,3782,4095,16648,16,432,-1289,-4007,1516,33.33
1750966337,Goodbye,3697,4095,4095,3938,4095,16308,512,2344,-303,922,-766,33.38
1750966339,Goodbye,3664,3760,4095,3674,4095,15864,-808,4408,-5544,-236,1374,33.38
1750966341,Goodbye,3718,4080,3729,3901,4095,16320,780,2136,-471,304,294,33.38
1750966343,Goodbye,3723,4089,3735,3979,4095,16752,72,2880,-89,167,-384,33.33
1750966345,Goodbye,3686,4058,3706,3917,4095,16680,132,2716,-458,7,-267,33.28
1750966464,I'm Sick,3484,3765,4095,3233,4095,17312,-516,-1336,678,175,21,33.71
1750966466,I'm Sick,3530,3721,4095,3226,4095,16376,-3312,-1436,179,540,-602,33.71
1750966468,I'm Sick,3521,3725,4095,3239,4095,16392,-3420,-1364,-611,-293,-162,33.85
1750966470,I'm Sick,3510,3741,4095,3207,4095,16564,-3760,-1620,-323,-155,-74,33.71
1750966472,I'm Sick,3485,3727,4095,3218,4095,16600,-3712,-1776,-472,39,-267,33.8
1750966474,I'm Sick,3485,3698,4095,3237,4095,16648,-3492,-1652,-559,-70,-210,33.66
1750966476,I'm Sick,3555,3729,4095,3219,4095,16504,-4092,-1476,-274,85,-324,33.75
1750966478,I'm Sick,3495,3730,4095,3235,4095,16660,-3536,-1424,-389,-94,-62,33.71
1750966480,I'm Sick,3488,3717,4095,3227,4095,16460,-3536,-1492,-386,49,-491,33.75
1750966482,I'm Sick,3485,3738,4095,3237,4095,12268,12244,768,1481,2100,-12763,33.75
1750966484,I'm Sick,3473,3730,4095,3234,4095,16768,-4124,-1244,-524,-150,-238,33.71
1750966486,I'm Sick,3476,3725,4095,3233,4095,10068,9084,-2196,-3257,2325,21938,33.75
1750966488,I'm Sick,3463,3721,4095,3195,4095,13108,6864,-1564,2684,-90,-13949,33.66
1750966490,I'm Sick,3445,3664,4095,3025,4095,16644,-2624,-360,-335,128,-438,33.71
1750966492,I'm Sick,3438,3696,4095,3132,4095,4468,16024,-3184,-57,-153,-2653,33.75
1750966494,I'm Sick,3431,3686,4095,3248,4095,12844,3028,-248,2243,174,-20279,33.71
1750966496,I'm Sick,3418,3698,4095,3249,4095,14536,140,-740,1514,-3,-14722,33.66
1750966498,I'm Sick,3415,3684,2994,3261,4095,14908,-3364,468,2458,-1766,-9886,33.75
1750966500,I'm Sick,3395,3728,4095,3241,4095,15388,-2872,80,-683,934,3383,33.75
1750966502,I'm Sick,3373,3709,4095,3235,4095,14280,-1124,-552,-846,744,10639,33.75
1750966505,I'm Sick,3381,3700,4095,3248,4095,16228,-2016,-40,-339,111,-1946,33.71
1750966507,I'm Sick,3383,3691,4095,3265,4095,9136,15944,-2080,-172,-3131,-14315,33.66
1750966509,I'm Sick,3371,3701,4095,3257,4095,5420,16868,-1756,2392,1774,-6987,33.75
1750966511,I'm Sick,3376,3706,4095,3267,4095,10428,14080,-2476,1683,-1171,-14019,33.71
1750966513,I'm Sick,3355,3696,4095,3269,4095,12604,7904,-1520,318,-701,-15050,33.71
1750966515,I'm Sick,3349,3691,4095,3239,4095,14688,-324,-552,939,-2095,-12736,33.8
1750966517,I'm Sick,3365,3722,4095,3257,4095,8944,14224,-1088,2584,-3824,-18895,33.8
1750966519,I'm Sick,3367,3703,4095,3280,4095,12504,7656,-1336,-1843,-3947,-17568,33.8
1750966521,I'm Sick,3359,3691,4095,3274,4095,10868,5156,-1116,4832,-2556,-23194,33.8
1750966523,I'm Sick,3351,3706,4095,3291,4095,11888,9676,-2648,1517,-961,-14743,33.66
1750966525,I'm Sick,3366,3726,4095,3266,4095,15108,468,-192,993,-3083,-11035,33.75
1750966527,I'm Sick,3344,3722,4095,3244,4095,16664,1172,188,-489,-235,-367,33.71
1750966529,I'm Sick,3344,3712,4095,3274,4095,14840,1596,-444,1491,-1914,-12074,33.75
1750966531,I'm Sick,3355,3696,4095,3298,4095,15748,-2248,-128,967,-1567,-6429,33.71
1750966533,I'm Sick,3351,3715,4095,3306,4095,14932,-600,-828,3246,-2616,-13604,33.75
1750966535,I'm Sick,3310,3698,4095,3312,4095,16340,-1580,-684,257,-636,-2841,33.75
1750966571,I'm Sick,3499,3751,3011,3341,4095,16140,-3664,-1304,-243,160,-387,33.8
1750966573,I'm Sick,3510,3664,2982,3369,4095,16704,-3744,-828,-91,6,-165,33.89
1750966575,I'm Sick,3515,3777,2990,3357,4095,16508,-3428,-612,-329,-93,-288,33.85
1750966577,I'm Sick,3479,3747,3024,3329,4095,7612,12732,-2680,-3406,1821,27371,33.85
1750966579,I'm Sick,3462,3729,3004,3329,4095,16372,-2288,-528,-2200,-1280,-2909,33.85
1750966581,I'm Sick,3423,3713,3024,3343,4095,4628,17584,-3736,-2405,3370,23655,33.8
1750966583,I'm Sick,3427,3747,3008,3360,4095,14332,-4288,-1544,-316,481,7267,33.75
1750966585,I'm Sick,3410,3719,3031,3393,4095,2300,19628,-5532,227,-6038,-19616,33.85
1750966587,I'm Sick,3415,3747,2992,3371,4095,13472,-2572,-52,-1993,1196,14955,33.85
1750966589,I'm Sick,3390,3735,2994,3419,4095,2316,19900,-6032,3093,-1253,-12258,33.8
1750966591,I'm Sick,3395,3693,2992,3349,4095,13152,-1628,-424,-225,1408,13802,33.8
1750966593,I'm Sick,3347,3567,2983,3381,4095,15984,212,-392,995,2776,-5243,33.75
1750966699,Why?,3707,4030,4095,3750,4095,12284,9156,-4960,-123,841,528,34.08
1750966701,Why?,3671,3921,4095,3729,4095,12156,11180,-4032,-549,-121,-291,34.04
1750966703,Why?,3677,3978,4095,3735,4095,2304,15864,-5400,-438,3042,-1102,34.04
1750966705,Why?,3657,3955,4095,3687,4095,4544,15520,-4084,57,-431,382,33.99
1750966707,Why?,3647,3971,4095,3666,4095,5544,15268,-6148,-1049,-484,-1313,33.99
1750966709,Why?,3661,3869,4095,3691,4095,4124,16384,-4932,1211,556,1141,33.94
1750966711,Why?,3387,3961,4095,3675,4095,4452,15640,-5284,-1217,-824,-343,33.94
1750966713,Why?,3216,3964,4095,3583,4095,4436,15528,-4896,-1064,-138,-420,33.99
1750966715,Why?,3763,3980,4095,3669,4095,4224,15016,-4568,48,-66,8,33.94
1750966717,Why?,3755,3952,4095,3620,4095,3908,15112,-4180,-1403,-845,-1191,33.85
1750966719,Why?,3728,3933,4095,3679,4095,3916,15816,-4336,20,491,105,33.89
1750967385,Why?,3741,3927,4095,3747,4095,10228,13472,-1900,-536,123,-311,33.71
1750967387,Why?,3765,3893,4095,3750,4095,9332,13788,-1176,-850,139,-350,33.71
1750967389,Why?,3727,3924,4095,3743,4095,9400,13900,-1248,-436,76,-358,33.8
1750967391,Why?,3722,3888,4095,3738,4095,9264,14012,-1372,-311,-137,-179,33.71
1750967393,Why?,3744,3892,4095,3714,4095,9064,14168,-1492,-466,-18,-286,33.71
1750967395,Why?,3725,3903,4095,3675,4095,9040,14132,-1340,-440,91,-309,33.75
1750967397,Why?,3730,3910,4095,3697,4095,8908,13908,-1308,-336,-89,-114,33.85
1750967399,Why?,3696,3896,4095,3664,4095,8768,14204,-1172,-429,-141,-247,33.8
1750967401,Why?,3641,3898,4095,3667,4095,8712,13932,-924,-568,-142,-192,33.8
1750967403,Why?,3743,3901,4095,3659,4095,8692,14364,-1080,-439,-49,-201,33.8
1750967405,Why?,3743,3910,4095,3661,4095,9708,13168,-1728,-793,-270,-196,33.8
1750967407,Why?,3715,3895,4095,3649,4095,9044,14304,-1268,-702,-356,-117,33.8
1750967409,Why?,3719,3854,4095,3649,4095,9268,14016,-1424,-477,-51,-94,33.75
1750967411,Why?,3721,3914,4095,3695,4095,10072,13860,-2156,1814,-131,981,33.71
1750967413,Why?,3718,3902,4095,3653,4095,7972,12712,-5984,-7237,881,2835,33.71
1750967415,Why?,3711,3935,4095,3639,4095,6768,14008,-4764,-42,-187,90,33.71
1750967417,Why?,3707,3901,4095,3656,4095,5724,15380,-4436,-784,-214,491,33.8
1750967419,Why?,3701,3902,4095,3733,4095,6708,14604,-4544,-559,-13,-323,33.71
1750967421,Why?,3699,3857,4095,3632,4095,6496,14856,-4964,-405,-225,-377,33.75
1750967423,Why?,3786,3740,4095,3712,4095,7212,14484,-5160,-314,252,-319,33.66
1750967425,Why?,3698,3894,4095,3632,4095,7480,14536,-5032,-438,172,-310,33.71
1750967427,Why?,3699,3904,4095,3633,4095,7100,14468,-4644,-472,-84,-184,33.75
1750967429,Why?,3716,3886,4095,3648,4095,7076,14668,-4632,-548,81,-233,33.8
1750967431,Why?,3719,3925,4095,3646,4095,7080,14656,-4300,-366,-156,-112,33.8
1750967433,Why?,3700,3899,4095,3646,4095,7116,14672,-4240,-401,46,-208,33.71
1750967435,Why?,3715,3935,4095,3618,4095,7108,14620,-4292,-420,-62,-161,33.71
1750967437,Why?,3697,3975,4095,3623,4095,7192,14728,-4692,-434,-87,-172,33.61
1750967439,Why?,3661,3901,4095,3635,4095,7200,14556,-4388,-484,134,-209,33.71
1750967441,Why?,3694,3886,4095,3632,4095,6944,14800,-4160,-648,85,-43,33.71
1750967443,Why?,3696,3885,4095,3633,4095,7216,14644,-4472,-489,-17,-239,33.75
1750967445,Why?,3678,3893,4095,3632,4095,7112,14608,-4256,-417,50,-251,33.71
1750967447,Why?,3680,3867,4095,3583,4095,7196,14568,-3984,-357,-101,-77,33.75
1750967449,Why?,3696,3872,4095,3635,4095,7144,14536,-4308,-691,-105,-282,33.66
1750967451,Why?,3699,3878,4095,3623,4095,7092,14924,-4432,-470,108,-263,33.71
1750967453,Why?,3684,3856,4095,3632,4095,7216,14824,-4304,-224,-239,-57,33.71
1750967455,Why?,3691,3888,4095,3637,4095,6956,14676,-4268,-492,35,-185,33.57
1750967457,Why?,3696,3877,4095,3632,4095,7212,14672,-4372,-641,243,-337,33.71
1750967459,Why?,3701,3888,4095,3630,4095,7072,14708,-4028,-486,-100,-188,33.71
1750967461,Why?,3707,3894,4095,3623,4095,6972,14948,-4244,-313,45,-150,33.71
1750967463,Why?,3694,3901,4095,3605,4095,6900,14796,-4256,-389,21,-242,33.57
1750967986,You,3902,3191,4095,3670,4095,12276,11152,-928,-599,246,-27,33.71
1750967988,You,3879,3199,4095,3676,4095,12376,11664,-436,-289,61,94,33.71
1750967990,You,3845,3201,4095,3643,4095,12420,11608,-804,-409,184,-273,33.71
1750967992,You,3850,3190,4095,3664,4095,12376,11324,-580,-427,-56,-308,33.66
1750967994,You,3824,3188,4095,3666,4095,12468,11192,-604,-262,72,-210,33.66
1750967996,You,3774,3201,4095,3683,4095,12440,11356,-424,-315,32,-23,33.75
1750967998,You,3759,3196,4095,3667,4095,12512,11424,-244,-301,-76,-128,33.75
1750968000,You,3698,3189,4095,3678,4095,12468,11324,-360,-467,-21,-369,33.8
1750968002,You,3719,3205,4095,3665,4095,12328,11512,-228,-500,-92,-111,33.75
1750968004,You,3821,3202,4095,3655,4095,12564,11716,28,-418,113,-238,33.61
1750968006,You,3807,3197,4095,3664,4095,12396,11124,-332,-363,2,-218,33.71
1750968008,You,3822,3200,4095,3656,4095,12456,11336,-348,-417,-186,-188,33.8
1750968010,You,3827,3184,4095,3660,4095,12468,11484,-68,-456,4,-161,33.75
1750968012,You,3803,3197,4095,3659,4095,12352,11276,-256,-416,39,-183,33.71
1750968014,You,3825,3200,4095,3664,4095,12284,11440,-428,-236,135,-230,33.71
1750968016,You,3830,3190,4095,3653,4095,12488,10988,-216,-548,-208,-222,33.8
1750968018,You,3824,3199,4095,3652,4095,12420,11036,-220,-424,20,-171,33.75
1750968020,You,3834,3203,4095,3613,4095,12352,11556,-304,-560,-86,-220,33.75
1750968022,You,3772,3195,4095,3654,4095,12576,11280,-212,-393,56,-119,33.71
1750968024,You,3819,3199,4095,3653,4095,12380,11260,-296,-538,-26,-145,33.71
1750968026,You,3822,3210,4095,3650,4095,12388,11328,-480,-495,82,-190,33.85
1750968028,You,3808,3185,4095,3652,4095,12528,11224,-368,-462,-55,-214,33.8
1750968030,You,3803,3195,4095,3664,4095,12592,11408,-452,-432,28,-232,33.75
1750968033,You,3810,3188,4095,3650,4095,12344,11720,-516,-657,-246,-163,33.85
1750968035,You,3850,3183,4095,3650,4095,12264,11176,-1052,-460,101,-249,33.89
1750968037,You,3802,3188,4095,3643,4095,12292,11576,-1652,-463,155,-126,33.8
1750968039,You,3801,3195,4095,3646,4095,12368,11596,-548,-519,17,-261,33.89
1750968041,You,3817,3194,4095,3661,4095,11952,11208,2560,-519,74,-272,33.85
1750968043,You,3873,3175,4095,3695,4095,12164,11760,-1560,-291,64,-192,33.75
1750968045,You,3808,3197,4095,3646,4095,11756,11716,1652,-397,-45,-154,33.8
1750968047,You,3819,3195,4095,3642,4095,11676,12204,-1660,-427,279,-123,33.8
1750968049,You,3821,3196,4095,3636,4095,11944,11732,1332,-410,-451,-229,33.8
1750968051,You,3825,3202,4095,3637,4095,11912,11768,-1628,-510,-203,-198,33.89
1750968053,You,3801,3201,4095,3638,4095,11616,12008,1076,-353,13,-174,33.75
1750968055,You,3799,3201,4095,3639,4095,11756,12040,-1728,-386,42,-286,33.85
1750968057,You,3779,3198,4095,3646,4095,11784,11996,876,-441,-222,-178,33.89
1750968059,You,3785,3198,4095,3649,4095,11800,11952,-2212,-389,-263,-282,33.89
1750968061,You,3777,3193,4095,3634,4095,12048,11688,-1384,-433,185,-80,33.8
1750968063,You,3771,3191,4095,3643,4095,11832,11752,-1112,-446,250,-190,33.75
1750968065,You,3803,3188,4095,3646,4095,11944,11828,-1132,-467,-165,-207,33.85
1750968067,You,3803,3201,4095,3649,4095,11908,12096,-792,-523,-97,-187,33.85
1750968069,You,3799,3193,4095,3629,4095,11904,11792,-1104,-399,38,-162,33.8
1750968071,You,3803,3216,4095,3644,4095,11984,11840,-1020,-624,-22,-195,33.75
1750968073,You,3790,3185,4095,3627,4095,11904,12180,-700,-321,-121,-273,33.71
1750968075,You,3793,3191,4095,3650,4095,11768,11796,-812,-441,60,-192,33.94
1750968077,You,3802,3197,4095,3623,4095,11720,11840,-716,-607,-191,-208,33.89
1750968079,You,3762,3197,4095,3637,4095,11776,12244,-872,-418,112,-194,33.8
1750968081,You,3788,3187,4095,3651,4095,11764,11912,-144,-501,-88,-148,33.8
1750968083,You,3773,3188,4095,3647,4095,11656,12140,52,-487,90,-166,33.94
1750968085,You,3785,3197,4095,3643,4095,11604,12132,-264,-606,158,-134,33.85
1750968087,You,3792,3185,4095,3641,4095,11300,11640,-588,-328,-269,-226,33.99
1750968089,You,3791,3184,4095,3638,4095,11760,12316,-76,-692,188,-281,33.8
1750968175,What?,3600,3354,3087,3355,4095,12548,3492,-15092,-5247,-1057,-1513,33.71
1750968177,What?,3535,3383,3093,3389,4095,14568,4736,4160,-21530,7585,5795,33.71
1750968179,What?,3548,3409,3087,3399,4095,14668,-1688,7536,-18038,4966,1842,33.71
1750968181,What?,3559,3418,3069,3374,4095,13500,5212,2912,32767,-8571,-5667,33.75
1750968183,What?,3563,3409,3088,3351,4095,9192,5124,-14460,591,-625,-593,33.75
1750968185,What?,3573,3397,3071,3339,4095,10416,4420,-13780,-594,145,-336,33.66
1750968187,What?,3570,3399,3057,3349,4095,10628,2832,-13540,489,-155,201,33.75
1750968189,What?,3561,3393,3066,3329,4095,11276,10564,-11108,-30135,3260,3358,33.57
1750968191,What?,3578,3438,3088,3385,4095,11472,12040,-8252,-29423,6638,9833,33.66
1750968193,What?,3538,3431,3066,3369,4095,10984,5148,-5168,32767,-7868,-17983,33.75
1750968195,What?,3568,3418,3081,3326,4095,11636,6460,-13780,4571,257,-655,33.71
1750968197,What?,3555,3446,3066,3355,4095,12412,9392,-13640,-16526,5421,1244,33.57
1750968199,What?,3563,3425,3088,3367,4095,10484,10796,-11904,-23060,5413,5902,33.57
1750968201,What?,3583,3404,3125,3469,4095,13088,10428,-14620,32767,-3710,-5054,33.61
1750968203,What?,3569,3409,3047,3424,4095,14052,6692,-4340,-32768,5935,7719,33.71
1750968205,What?,3533,3400,4095,3344,4095,11400,9004,-15384,32767,-8612,-8058,33.66
1750968207,What?,3568,3345,4095,3367,4095,10964,10120,-15564,-32768,9435,7772,33.61
1750968209,What?,3536,3422,3071,3349,4095,11328,7944,-13616,32767,-16026,-13574,33.57
1750968211,What?,3550,3419,3087,3341,4095,12336,6408,-13012,-10857,3128,2472,33.61
1750968213,What?,3522,3467,4095,3399,4095,13532,-1772,6328,29156,-10086,-8297,33.57
1750968215,What?,3502,3427,3098,3349,4095,10456,4472,-14764,-3648,1316,1205,33.61
1750968217,What?,3527,3455,3089,3399,4095,14168,-2064,2456,-24098,6243,6845,33.61
1750968219,What?,3527,3493,3117,3369,4095,10804,7116,-15908,388,-1443,-2899,33.66
1750968221,What?,3513,3440,3106,3419,4095,13948,-1772,1708,-32768,13509,9756,33.61
1750968223,What?,3530,3426,3113,3393,4095,9252,2712,-15328,-2314,301,38,33.57
1750968225,What?,3527,3427,3120,3398,4095,10952,8988,-16500,32767,-15840,-10926,33.57
1750968227,What?,3504,3442,3123,3429,4095,14100,-6592,2280,2667,-658,-2313,33.52
1750968229,What?,3509,3425,3143,3407,4095,13856,5048,-484,-32768,8903,12581,33.47
1750968231,What?,3509,3447,3103,3395,4095,11532,5756,-1916,-32768,10807,12564,33.57
1750968233,What?,3503,3423,3102,3409,4095,11104,7612,-4224,-32768,12516,19110,33.52
1750968235,What?,3527,3418,3091,3378,4095,12096,10840,-2368,-32768,2517,16634,33.61
1750968237,What?,3444,3429,3120,3392,4095,9728,10584,-16444,-15696,781,7948,33.57
1750968239,What?,3537,3440,3103,3402,4095,9744,9104,-14672,-35,-752,-1219,33.52
1750968241,What?,3521,3409,3102,3395,4095,11944,10184,-16892,32767,-9632,-4018,33.61
1750968243,What?,3523,3469,3136,3403,4095,13964,-2100,4952,32767,-5228,-9365,33.47
1750968245,What?,3532,3458,3131,3393,4095,13764,5560,-1760,32767,-5230,-13223,33.52
1750968247,What?,3536,3452,3133,3379,4095,13500,-996,7532,19557,-958,-15392,33.47
1750968249,What?,3536,3445,3120,3382,4095,13300,3084,3420,32767,-6238,-9823,33.42
1750968251,What?,3504,3520,3147,3465,4095,13264,4916,804,-32768,6664,6781,33.47
1750968253,What?,3523,3505,3152,3420,4095,9568,3224,-12564,102,971,-791,33.52
1750968255,What?,3471,3489,3137,3405,4095,11772,10176,-14360,32767,-12791,-2023,33.52
1750968257,What?,3458,3461,3125,3408,4095,13376,6784,-2936,-19423,3305,2157,33.57
1750968259,What?,3451,3467,3127,3389,4095,11368,6176,-17816,32767,-13032,1570,33.38
1750968261,What?,3485,3426,3127,3454,4095,13308,5644,2316,5696,-1580,-7540,33.52
1750968263,What?,3470,3449,3106,3410,4095,10112,7208,-16384,-30972,812,-1411,33.47
1750968265,What?,3513,3459,4095,3427,4095,10036,1692,-14836,5890,835,1567,33.47
1750968267,What?,3447,3472,3184,3409,4095,12244,6700,-9752,32767,-10080,-13235,33.38
1750968269,What?,3428,3440,3124,3485,4095,14216,796,3460,-25742,8427,3121,33.42
1750968271,What?,3408,3443,3121,3341,4095,11852,1460,-13192,-327,44,-88,33.42
1750968352,Come Here,3702,3209,4095,3774,4095,12016,-480,8968,2371,12432,51,33.66
1750968354,Come Here,3721,3173,4095,3747,4095,13512,-1912,9004,-1344,-543,-171,33.71
1750968356,Come Here,3707,3194,4095,3775,4095,9848,-664,10444,-1430,-14463,2093,33.66
1750968358,Come Here,3662,3213,4095,3768,4095,17472,-1724,-8312,-2690,-14594,-909,33.57
1750968360,Come Here,3687,3234,4095,3770,4095,16716,-464,-8660,-198,-7785,-925,33.52
1750968362,Come Here,3702,3217,4095,3757,4095,11604,-1436,10728,459,6686,-278,33.66
1750968364,Come Here,3696,3243,4095,3758,4095,16476,-764,-6488,-4118,-14869,-6322,33.61
1750968366,Come Here,3708,3247,4095,3747,4095,12124,-1600,2740,-1177,18348,690,33.52
1750968368,Come Here,3691,3255,4095,3780,4095,14104,-948,3068,1103,-13802,-1603,33.61
1750968370,Come Here,3698,3227,4095,3734,4095,21492,3332,-15768,-100,-632,1296,33.52
1750968372,Come Here,3696,3233,4095,3734,4095,7252,-1204,15572,-1061,6333,-1390,33.52
1750968374,Come Here,3677,3235,4095,3727,4095,17612,2680,-12212,-4975,-10462,-6358,33.52
1750968376,Come Here,3687,3231,4095,3765,4095,13056,-1448,7608,58,11036,898,33.42
1750968378,Come Here,3677,3234,4095,3786,4095,17088,2096,-9872,-638,-12764,-3201,33.47
1750968380,Come Here,3679,3232,4095,3738,4095,12224,96,9364,-466,10420,1631,33.57
1750968382,Come Here,3702,3251,4095,3747,4095,17772,1820,-9640,1966,-12832,-2215,33.47
1750968384,Come Here,3683,3234,4095,3713,4095,12456,-1048,6360,1410,13220,2878,33.47
1750968386,Come Here,3695,3229,4095,3776,4095,16160,-440,-3580,-3146,-9685,-3411,33.52
1750968388,Come Here,3678,3243,4095,3746,4095,17300,3244,-10684,-1121,17910,5974,33.57
1750968390,Come Here,3696,3256,4095,3760,4095,10452,-2280,12084,563,-6944,-896,33.57
1750968392,Come Here,3696,3236,4095,3734,4095,17000,1236,-3288,191,-5886,-2272,33.33
1750968394,Come Here,3683,3238,4095,3735,4095,19264,4028,-11308,2258,13956,6254,33.47
1750968396,Come Here,3697,3248,4095,3743,4095,12676,-2640,8628,-2594,-7194,-3076,33.52
1750968398,Come Here,3670,3237,4095,3722,4095,14252,1260,-1228,-3042,-14017,-5359,33.42
1750968400,Come Here,3673,3225,4095,3725,4095,11348,-2048,8456,-1107,12779,2736,33.57
1750968402,Come Here,3664,3233,4095,3730,4095,20044,3904,-13548,631,-64,271,33.42
1750968404,Come Here,3675,3247,4095,3749,4095,13524,-1504,1304,195,-16716,-3600,33.57
1750968406,Come Here,3680,3234,4095,3735,4095,16480,1224,-7588,-1318,18015,3697,33.47
1750968408,Come Here,3702,3210,4095,3747,4095,13644,-812,3956,-728,-14588,-2529,33.47
1750968410,Come Here,3693,3247,4095,3724,4095,12876,-620,5204,-1320,14283,1173,33.47
1750968412,Come Here,3683,3246,4095,3741,4095,13980,524,-4256,909,-19243,-4163,33.47
1750968414,Come Here,3690,3239,4095,3719,4095,12992,-1544,-228,1241,18600,4074,33.38
1750968416,Come Here,3696,3231,4095,3889,4095,15456,-228,1172,-2505,-11962,-3681,33.42
1750968418,Come Here,3694,3238,4095,3750,4095,15756,940,-5476,-1768,16292,3559,33.42
1750968420,Come Here,3681,3297,4095,3734,4095,14120,-376,2972,-1301,-13750,-1916,33.47
1750968422,Come Here,3576,3243,4095,3722,4095,14832,-232,-2056,75,15605,4671,33.38
1750968424,Come Here,3664,3130,4095,3701,4095,16024,-332,900,-2413,10973,581,33.42
1750968426,Come Here,3647,3237,4095,3729,4095,15344,644,-1612,-1626,-15577,-4914,33.42
1750968428,Come Here,3665,3215,4095,3755,4095,12128,-208,4152,-1353,16889,2723,33.52
1750968430,Come Here,3668,3209,4095,3735,4095,14884,-760,1900,-3333,-12898,-4332,33.42
1750968432,Come Here,3683,3245,4095,3759,4095,16784,60,-7120,-1206,17452,1815,33.52
1750968434,Come Here,3678,3247,4095,3728,4095,15420,940,-1980,256,-14884,-1966,33.52
1750968436,Come Here,3683,3237,4095,3706,4095,11612,-1060,8424,414,13899,1793,33.47
1750968438,Come Here,3682,3230,4095,3718,4095,17228,3484,-7476,300,-8734,-3940,33.42
1750968440,Come Here,3690,3238,4095,3733,4095,11420,-148,10260,-1062,11435,-234,33.38
1750968442,Come Here,3671,3221,4095,3718,4095,19128,3160,-11348,2058,-11904,-2591,33.52
1750968444,Come Here,3661,3235,4095,3719,4095,9320,-1820,14448,-922,-1203,248,33.42
1750968446,Come Here,3671,3236,4095,3732,4095,18768,3208,-10100,-550,29,325,33.42
1750968448,Come Here,3673,3233,4095,3717,4095,9816,192,12804,-1101,-6505,-788,33.33
1750968450,Come Here,3664,3227,4095,3762,4095,18152,3784,-9988,-1276,-3911,-1288,33.33
1750968452,Come Here,3663,3232,4095,3727,4095,11020,-924,11572,-734,-6529,-1222,33.38
1750968454,Come Here,3653,3230,4095,3707,4095,13464,-1504,-1472,-1222,-11821,-5636,33.52
1750968456,Thank You,3537,3276,3088,3312,4095,1924,8576,14168,653,926,-1452,33.71
1750968458,Thank You,3541,3283,4095,3318,4095,1140,7096,15384,-20199,11518,-20336,33.66
1750968460,Thank You,3523,3264,4095,3287,4095,4412,7532,13380,-3901,-194,-1349,33.57
1750968462,Thank You,3519,3263,4095,3268,4095,5096,14520,13140,19940,-12934,19327,33.57
1750968464,Thank You,3536,3279,4095,3295,4095,14768,3644,1868,3638,8163,3391,33.61
1750968466,Thank You,3472,3271,4095,3258,4095,16584,2688,1964,1844,-627,-294,33.61
1750968611,Thank You,3515,3277,4095,3285,4095,14588,2516,5992,-6068,-1959,-3644,33.61
1750968613,Thank You,3498,3280,4095,3269,4095,6316,11284,9324,-5335,7743,-16503,33.66
1750968616,Thank You,3516,3280,4095,3269,4095,2960,12500,17460,4197,-1346,1803,33.61
1750968618,Thank You,3487,3267,4095,3265,4095,14440,1160,3968,9420,12622,7107,33.61
1750968620,Thank You,3499,3262,4095,3262,4095,14164,-52,2844,-32768,-8057,-16718,33.71
1750968622,Thank You,3534,3264,4095,3254,4095,3336,11608,14360,9988,-5915,4478,33.57
1750968624,Thank You,3479,3245,4095,3254,4095,15344,-296,5136,510,3177,-269,33.61
1750968626,Thank You,3505,3229,4095,3280,4095,15292,3352,3820,2120,227,-817,33.52
1750968628,Thank You,3497,3235,3037,3301,4095,4540,14660,14556,-2433,6370,-6675,33.61
1750968630,Thank You,3473,3264,3002,3299,4095,6024,10844,13256,-1626,12415,-14113,33.61
1750968632,Thank You,3509,3287,4095,3271,4095,12108,6308,-3628,17155,13615,20453,33.57
1750968634,Thank You,3506,3281,4095,3264,4095,16684,1920,2312,607,316,246,33.61
1750968636,Thank You,3476,3293,4095,3274,4095,14048,-3024,4556,-32768,-4481,-19062,33.52
1750968638,Thank You,3518,3265,4095,3289,4095,2340,9552,15156,-3390,7260,-7112,33.52
1750968640,Thank You,3525,3264,3013,3281,4095,1908,15096,15792,16790,-9574,10665,33.61
1750968642,Thank You,3561,3275,4095,3268,4095,14780,1524,3916,498,8325,3603,33.52
1750968644,Thank You,3566,3279,4095,3290,4095,11628,6664,-2040,32767,3419,29249,33.66
1750968646,Thank You,3535,3260,4095,3264,4095,14644,1500,6028,-10416,-1934,-5179,33.57
1750968648,Thank You,3526,3241,3006,3279,4095,616,11532,17804,-3957,8685,-9041,33.66
1750968650,Thank You,3518,3234,2975,3266,4095,5512,16352,9784,32767,-11314,18825,33.61
1750968652,Thank You,3536,3248,4095,3282,4095,15752,-816,4452,179,2363,2050,33.57
1750968654,Thank You,3537,3257,4095,3198,4095,15204,2880,1252,-31972,-4565,-25878,33.61
1750968656,Thank You,3511,3234,2979,3424,4095,92,11004,15240,1439,4140,-4391,33.61
1750968658,Thank You,3520,3252,3019,3281,4095,9948,12136,-1556,27118,1269,26219,33.57
1750968660,Thank You,3511,3234,4095,3299,4095,15916,416,2084,-32179,-8443,-16089,33.52
1750968662,Thank You,3530,3247,4095,3306,4095,16516,2856,2108,-174,220,-224,33.66
1750968664,Thank You,3504,3250,4095,3309,4095,14580,2968,4192,-19355,-5870,-8230,33.61
1750968666,Thank You,3537,3248,4095,3276,4095,3988,9540,16448,1362,7212,-5199,33.52
1750968668,Thank You,3547,3218,2991,3248,4095,10652,7928,-3660,28977,13671,26319,33.61
1750968670,Thank You,3539,3254,4095,3276,4095,15984,3056,3828,-3167,-1018,-1055,33.38
1750968672,Thank You,3523,3275,2986,3269,4095,7148,16780,11192,-15093,8908,-15825,33.57
1750968674,Thank You,3530,3255,2983,3269,4095,8340,14968,1892,32767,-4764,24940,33.47
1750968676,Thank You,3526,3251,4095,3263,4095,13384,2388,2504,13913,15099,11820,33.42
1750968678,Thank You,3520,3270,4095,3273,4095,14900,692,5996,740,1826,120,33.57
1750968680,Thank You,3551,3262,4095,3257,4095,13256,844,5400,-30990,-2559,-22803,33.33
1750968682,Thank You,3511,3259,4095,3263,4095,-1236,13544,21048,-1353,3287,-3966,33.33
1750968684,Thank You,3525,3268,4095,3266,4095,10364,4876,3564,17191,15703,11693,33.52
1750968686,Thank You,3504,3247,4095,3280,4095,15144,1184,4824,-4576,-576,-4172,33.52
1750968688,Ok,3639,3949,4095,3398,4095,16304,-808,3656,-843,-429,444,33.38
1750968690,Ok,3652,3923,4095,3661,4095,15704,-712,4912,-158,149,-165,33.33
1750968692,Ok,3642,3883,4095,3477,4095,15712,-364,4952,-343,-394,-12,33.33
1750968694,Ok,3632,3971,4095,3474,4095,15520,-220,5760,-427,-465,-423,33.28
1750968696,Ok,3631,3917,4095,3439,4095,15712,-604,5060,-90,-203,-57,33.42
1750968698,Ok,3630,3895,4095,3504,4095,16100,-636,5396,214,-1065,-787,33.28
1750968898,Ok,3618,3868,4095,3392,4095,15848,-364,5208,-403,-90,-152,33.42
1750968900,Ok,3632,3908,4095,3425,4095,15700,-252,5928,-485,51,-273,33.38
1750968902,Ok,3633,3903,4095,3423,4095,15552,-448,5920,-522,-58,-181,33.42
1750968904,Ok,3623,3888,4095,3395,4095,15524,-28,5788,-406,-111,-236,33.52
1750968906,Ok,3632,3889,4095,3554,4095,15356,-8,6100,-423,-123,-234,33.57
1750968908,Ok,3632,3857,4095,3427,4095,15424,176,5952,-423,-21,-171,33.47
1750968910,Ok,3626,3883,4095,3419,4095,15384,56,6188,-409,-62,-297,33.47
1750968912,Ok,3618,3881,4095,3409,4095,15272,-224,6072,-571,-55,-182,33.38
1750968914,Ok,3625,3888,4095,3392,4095,15396,48,6140,-426,-50,-181,33.52
1750968916,Ok,3634,3881,4095,3307,4095,15360,232,6136,-365,-43,-137,33.42
1750968918,Ok,3634,3870,4095,3376,4095,15428,232,5996,-520,-22,-291,33.42
1750968920,Ok,3623,3885,4095,3363,4095,15384,292,6232,-457,-102,-91,33.47
1750968922,Ok,3663,3890,4095,3355,4095,15412,180,6216,-425,-99,-213,33.42
1750968924,Ok,3613,3865,4095,3363,4095,15300,232,6280,-353,-20,-202,33.42
1750968926,Ok,3628,3865,4095,3381,4095,15360,252,6308,-467,10,-102,33.42
1750968928,Ok,3639,3865,4095,3371,4095,15320,156,6416,-349,-87,-164,33.47
1750968930,Ok,3624,3856,4095,3415,4095,15280,72,6396,-292,-27,-157,33.52
1750968932,Ok,3615,3868,4095,3298,4095,15508,356,6100,-481,-41,-241,33.42
1750968934,Ok,3632,3879,4095,3355,4095,15408,328,6136,-441,29,-244,33.38
1750968936,Ok,3635,3845,4095,3375,4095,15368,72,6340,-350,-20,-141,33.42
1750968938,Ok,3631,3874,4095,3358,4095,15268,92,6312,-457,-16,-247,33.42
1750968940,Ok,3614,3856,4095,3376,4095,15288,216,6328,-489,-37,-239,33.57
1750968942,Ok,3626,3858,4095,3377,4095,15344,-376,6492,-554,-147,-399,33.47
1750968944,Ok,3624,3871,4095,3365,4095,15268,288,6232,-471,68,-206,33.38
1750968946,Ok,3636,3875,4095,3411,4095,15288,-3224,5240,-3934,-1479,2265,33.42
1750968948,Ok,3651,3849,4095,3523,4095,308,24892,6752,-3223,-2358,9207,33.52
1750968950,Ok,3646,3843,4095,3409,4095,16336,-4432,3636,-496,532,-1925,33.42
1750968952,Ok,3639,3841,4095,3391,4095,15980,-4248,3080,-690,28,-297,33.42
1750968954,Ok,3653,3824,4095,3372,4095,15940,-3704,3048,-303,-83,-248,33.52
1750968956,Ok,3639,3851,4095,3421,4095,15936,-3632,3100,-343,-81,-45,33.38
1750968958,Ok,3630,3815,4095,3383,4095,16056,-3028,3428,-462,-63,-353,33.38
1750968960,Ok,3635,3837,4095,3376,4095,16028,-3012,3728,-463,-110,-218,33.52
1750968962,Ok,3648,3839,4095,3381,4095,15952,-3196,3884,-454,-48,-282,33.57
1750968964,Ok,3655,3847,4095,3392,4095,15880,-2440,4728,-473,-95,-244,33.42
1750968966,Ok,3667,3858,4095,3388,4095,15760,-2856,4440,-558,95,-197,33.38
1750968968,Ok,3632,3856,4095,3361,4095,15760,-2668,4712,-194,-160,-207,33.57
1750968970,Ok,3635,3839,4095,3346,4095,15668,-2756,4692,-335,-48,-61,33.47
1750968972,Ok,3774,3850,4095,3346,4095,15900,-2536,4580,-153,39,-146,33.47
1750968974,Ok,3643,3835,4095,3348,4095,15716,-2444,4560,1,317,-19,33.42
1750968976,Ok,3634,3878,4095,3385,4095,16004,-2732,3376,-474,-491,-48,33.38
1750968978,Ok,3707,3758,4095,3319,4095,16220,-3224,3320,-581,479,183,33.42
1750968980,Ok,3701,3747,4095,3325,4095,16256,-2656,3144,-645,-61,-221,33.52
